SKU,name,orderedQuantity,stockLevel,restockingLeadTime,sentimentScore,sentimentMagnitude
GGADFBSBKS42347,PC gaming speakers,0.00,100.00,1.00,,
GGOEGAAX0581, Women's Colorblock Tee White,0.00,0.00,8.00,0.80,2.00
GGOEGAAX0596, Men's Quilted Insulated Vest Black,26.00,32.00,8.00,0.80,2.00
GGOEGAAX0365, Women's Scoop Neck Tee Black,65.00,73.00,6.00,0.00,0.50
GGOEGEVB070899, Bongo Cupholder Bluetooth Speaker,85.00,115.00,8.00,0.00,0.50
GGOEGESC014699,Aluminum Handy Emergency Flashlight,66.00,90.00,9.00,0.00,0.50
GGOEGAAX0325, Men's Short Sleeve Hero Tee Charcoal,53.00,104.00,12.00,0.00,0.50
GGOEGAAX0296, Women's Short Sleeve Tri-blend Badge Tee Grey,19.00,33.00,15.00,0.00,0.50
GGOEGHGH019699, Sunglasses,1573.00,2086.00,6.00,0.50,0.50
GGOEGDWR015799,Red Shine 15 oz Mug,1058.00,1417.00,20.00,0.30,0.50
GGOEGAAX0081,Recycled Paper Journal Set,545.00,740.00,5.00,0.30,0.50
GGOEGALB036514, Women's Scoop Neck Tee Black,116.00,154.00,5.00,0.30,0.50
GGOEGAWH061350, Onesie Green,7.00,9.00,5.00,0.30,0.50
GGOENEBQ084699, Learning Thermostat 3rd Gen-USA - White,849.00,1142.00,5.00,0.30,0.50
GGOEAHPB076114,Android Stretch Fit Hat,6.00,8.00,5.00,0.30,0.50
GGOEGADJ059715, Men's Quilted Insulated Vest Battleship Grey,30.00,39.00,5.00,0.30,0.50
GGOEWAEA083899, Dress Socks,15.00,20.00,6.00,0.30,0.50
9180850,Ballpoint Stylus Pen,0.00,0.00,6.00,0.30,0.50
9183118, Women's Fleece Hoodie Black,0.00,0.00,6.00,0.30,0.50
GGOEYDHJ056099,22 oz  Bottle Infuser,1465.00,1944.00,7.00,0.30,0.50
GGOEGAEC029117, Women's Short Sleeve Hero Tee Sky Blue,2.00,2.00,7.00,0.30,0.50
GGOEGAAX0620, Infant Short Sleeve Tee Green,38.00,52.00,7.00,0.30,0.50
GGOENEBJ079499, Learning Thermostat 3rd Gen-USA - Stainless Steel,1886.00,2525.00,7.00,0.30,0.50
GGOEADHH073999,Android 17oz Stainless Steel Sport Bottle,210.00,283.00,8.00,0.30,0.50
GGOEGAAJ032313, Men's Short Sleeve Hero Tee Charcoal,46.00,61.00,8.00,0.30,0.50
GGOEGATB060613, Women's Convertible Vest-Jacket Black,33.00,44.00,8.00,0.30,0.50
9183203, Device Holder Sticky Pad,0.00,0.00,8.00,0.30,0.50
GGOEGAEA030413, Womens 3/4 Sleeve Baseball Raglan Heather/Black,23.00,31.00,9.00,0.30,0.50
GGOEGAWQ062948, Baby Essentials Set,261.00,77.00,10.00,0.30,0.50
9184697, Mood Original Window Decal,0.00,0.00,11.00,0.30,0.50
GGOEGAYR068256, Youth Short Sleeve Tee Red,8.00,10.00,11.00,0.30,0.50
9183225, Luggage Tag,0.00,0.00,11.00,0.30,0.50
9182723, Men's 100% Cotton Short Sleeve Hero Tee White,0.00,0.00,11.00,0.30,0.50
GGOEGAAB058915, Men's Short Sleeve Performance Badge Tee Black,6.00,7.00,11.00,0.30,0.50
GGOEYAAJ033013, Men's Long & Lean Tee Charcoal,10.00,13.00,12.00,0.30,0.50
GGOEAAXN066355,Android Toddler Short Sleeve T-shirt Pink,21.00,28.00,12.00,0.30,0.50
GGOEGAEJ029913, Women's V-Neck Tee Charcoal,6.00,8.00,12.00,0.30,0.50
GGOEGAAB033815, Men's Vintage Badge Tee Black,439.00,578.00,13.00,0.30,0.50
GGOEGATC060313, Women's 1/4 Zip Performance Pullover Two-Tone Blue,21.00,28.00,13.00,0.30,0.50
GGOEGAFJ036215, Men's Pullover Hoodie Grey,21.00,27.00,13.00,0.30,0.50
GGOEGOBG023599,Colored Pencil Set,269.00,367.00,13.00,0.30,0.50
9182720, Men's Short Sleeve Badge Tee Charcoal,0.00,0.00,13.00,0.30,0.50
GGOEGAXR066030, Toddler Sports T-shirt Red,7.00,9.00,13.00,0.30,0.50
GGOEGAWN062748, Infant Zip Hood Pink,41.00,54.00,13.00,0.30,0.50
GGOEGALB034113, Women's Vintage Hero Tee Black,116.00,153.00,14.00,0.30,0.50
GGOEGATH060715, Women's Convertible Vest-Jacket Sea Foam Green,4.00,5.00,14.00,0.30,0.50
9182772, Women's Performance Full Zip Jacket Black,0.00,0.00,14.00,0.30,0.50
GGOEGADJ059718, Men's Quilted Insulated Vest Battleship Grey,4.00,5.00,14.00,0.30,0.50
9182755, Men's Colorblock Tee White/Heather,0.00,0.00,14.00,0.30,0.50
GGOEAHPB076113,Android Stretch Fit Hat,8.00,10.00,14.00,0.30,0.50
GGOEGAAJ073416, Men's Short Sleeve Hero Tee Heather,18.00,23.00,14.00,0.30,0.50
GGOEGAYL068124, Youth Sports Tee Navy,22.00,29.00,14.00,0.30,0.50
GGOEYAXR066155, Toddler Short Sleeve Tee Red,6.00,7.00,14.00,0.30,0.50
GGOEAAAP081213,Android Men's Take Charge Short Sleeve Tee Purple,16.00,21.00,14.00,0.30,0.50
GGOEGAAJ032715, Men's Long & Lean Tee Grey,73.00,100.00,15.00,0.30,0.50
GGOEGAEJ029914, Women's V-Neck Tee Charcoal,5.00,6.00,15.00,0.30,0.50
GGOEGAEA030614, Women's Recycled Fabric Tee,1.00,1.00,15.00,0.30,0.50
9184720, Women's Short Sleeve Hero Tee Sky Blue,0.00,0.00,16.00,0.30,0.50
GGOEGAWR061149, Onesie Red,24.00,31.00,16.00,0.30,0.50
9182761, Women's Yoga Jacket Black,0.00,0.00,16.00,0.30,0.50
GGOEGADC059315, Men's Airflow 1/4 Zip Pullover Lapis,24.00,31.00,17.00,0.30,0.50
GGOEGAAX0683, Youth Short Sleeve T-shirt Royal Blue,4.00,5.00,17.00,0.30,0.50
GGOEGALJ057914, Women's Short Sleeve Performance Tee Charcoal,11.00,14.00,17.00,0.30,0.50
9184689, Men's Short Sleeve Tee,0.00,0.00,17.00,0.30,0.50
GGOEYAXR066130, Toddler Short Sleeve Tee Red,3.00,4.00,17.00,0.30,0.50
GGOEGAAJ032315, Men's Short Sleeve Hero Tee Charcoal,133.00,182.00,19.00,0.30,0.50
GGOEAAWT061750,Android Onesie Gold,2.00,2.00,19.00,0.30,0.50
GGOEGPJC203399,Crunch Noise Dog Toy,262.00,352.00,9.00,0.70,0.50
GGOEGAAX0339, Men's Vintage Badge Tee White,137.00,210.00,9.00,0.10,0.50
GGOEGDHQ014899,20 oz Stainless Steel Insulated Tumbler,499.00,652.00,2.00,0.20,0.50
9184682, Mobile Phone Vent Mount,0.00,0.00,7.00,0.20,0.50
9183234, Learning Thermostat 3rd Gen-USA - Stainless Steel,0.00,0.00,8.00,0.20,0.50
GGOEAAAH083317,Android Men's Paradise Short Sleeve Tee Olive,9.00,11.00,8.00,0.20,0.50
GGOEYAEJ029614, Women's Short Sleeve Tri-blend Badge Tee Grey,1.00,1.00,11.00,0.20,0.50
9182859, Toddler Raglan Shirt Blue Heather/Navy,0.00,0.00,11.00,0.20,0.50
GGOEGADB059616, Men's Quilted Insulated Vest Black,13.00,17.00,14.00,0.20,0.50
GGOEGAAQ010417, Men's 100% Cotton Short Sleeve Hero Tee White,32.00,41.00,15.00,0.20,0.50
GGOEGETB023799, Power Bank,156.00,210.00,7.00,-0.20,0.50
GGOEGEHQ072599, 4400mAh Power Bank,50.00,65.00,7.00,0.40,0.50
GGOEGBRP037599,Yoga Mat Purple,10.00,13.00,17.00,0.40,0.50
GGOEGBRC021399,Yoga Mat Blue,45.00,60.00,15.00,0.80,0.50
GGOEGEVB070599, G Noise-reducing Bluetooth Headphones,101.00,132.00,7.00,0.90,0.50
GGOEGHGT019599, Sunglasses,887.00,376.00,8.00,0.50,1.00
GGOBJGOWUSG69402,USB wired soundbar - in store only,10.00,15.00,2.00,1.00,1.00
GGOEGODR017799,Recycled Mouse Pad,1033.00,1756.00,39.00,0.30,1.00
GGOEGAAX0319,Android Men's Short Sleeve Hero Tee Heather,18.00,19.00,17.00,0.30,1.00
9182863, Toddler Sports T-shirt Red,0.00,0.00,5.00,0.60,1.00
GGOEYAAJ033017, Men's Long & Lean Tee Charcoal,12.00,20.00,5.00,0.60,1.00
9180811,Plastic Sliding Flashlight,0.00,0.00,5.00,0.60,1.00
GGOEGAAB058917, Men's Short Sleeve Performance Badge Tee Black,5.00,8.00,5.00,0.60,1.00
GGOEAAEJ028215,Android Women's Short Sleeve Badge Tee Dark Heather,3.00,5.00,6.00,0.60,1.00
GGOEGBJC014399, Tote Bag,92.00,155.00,6.00,0.60,1.00
GGOEGAAJ032615, Men's Short Sleeve Badge Tee Charcoal,63.00,105.00,6.00,0.60,1.00
GGOEGAEJ028013, Women's Short Sleeve Hero Tee Grey,70.00,117.00,6.00,0.60,1.00
9182750, Men's Performance 1/4 Zip Pullover Heather/Black,0.00,0.00,6.00,0.60,1.00
GGOEGAXJ065555, Toddler Short Sleeve T-shirt Grey,56.00,93.00,6.00,0.60,1.00
GGOEGAAH034015, Men's Vintage Badge Tee Sage,226.00,390.00,6.00,0.60,1.00
GGOEGAAX0617,Android Onesie Gold,31.00,53.00,6.00,0.60,1.00
GGOEGAAX0626,Android Infant Short Sleeve Tee Pink,13.00,21.00,7.00,0.60,1.00
GGOEGAXR066029, Toddler Sports T-shirt Red,8.00,13.00,7.00,0.60,1.00
9183205, Zipper-front Sports Bag,0.00,0.00,7.00,0.60,1.00
GGOEAAEJ030914,Android Women's Long Sleeve Blended Cardigan Grey,17.00,29.00,7.00,0.60,1.00
GGOEGAEJ035317, Vintage Henley Grey/Black,1.00,1.00,7.00,0.60,1.00
GGOEGAEQ027913, Women's Short Sleeve Hero Tee White,38.00,65.00,7.00,0.60,1.00
GGOEGAPB058613, Women's Yoga Jacket Black,20.00,34.00,8.00,0.60,1.00
9182980, Pet Feeding Mat,0.00,0.00,8.00,0.60,1.00
GGOEGALB034115, Women's Vintage Hero Tee Black,124.00,213.00,9.00,0.60,1.00
GGOEGADB059615, Men's Quilted Insulated Vest Black,31.00,51.00,9.00,0.60,1.00
GGOEGALJ060113, Women's Short Sleeve Performance Tee Pewter,1.00,1.00,10.00,0.60,1.00
GGOENEBQ078999, Cam Outdoor Security Camera - USA,2719.00,4683.00,10.00,0.60,1.00
GGOEGAAJ059115, Men's Short Sleeve Performance Badge Tee Pewter,77.00,131.00,10.00,0.60,1.00
GGOEGGCX056199,Gift Card- $100.00,45.00,77.00,10.00,0.60,1.00
9180813, Tube Power Bank,0.00,0.00,11.00,0.60,1.00
GGOEGAAJ080616, Men's Bike Short Sleeve Tee Charcoal,41.00,70.00,11.00,0.60,1.00
GGOEAHPJ004213,Android Stretch Fit Hat S/M,31.00,53.00,12.00,0.60,1.00
9182778, Women's Softshell Jacket Black/Grey,0.00,0.00,13.00,0.60,1.00
GGOEYAAQ031717, Men's Short Sleeve Hero Tee  White,2.00,3.00,13.00,0.60,1.00
9184683, Women's Short Sleeve Tee,0.00,0.00,13.00,0.60,1.00
GGOEGAYL068126, Youth Sports Tee Navy,25.00,42.00,14.00,0.60,1.00
GGOEGADB057318, Men's Lightweight Microfleece Jacket Black,5.00,8.00,14.00,0.60,1.00
GGOEGATB060213, Women's 1/4 Zip Performance Pullover Black,21.00,35.00,14.00,0.60,1.00
GGOEAAXC066428,Android Toddler Short Sleeve T-shirt Aqua,15.00,25.00,15.00,0.60,1.00
GGOEGAXC065628, Toddler Hoodie Royal Blue,27.00,45.00,15.00,0.60,1.00
9182774, Women's Yoga Pants,0.00,0.00,15.00,0.60,1.00
GGOEGAYQ068956, Youth Girl Hoodie,3.00,5.00,15.00,0.60,1.00
GGOEGALJ072914, Women's Performance Hero Tee Gunmetal,15.00,25.00,15.00,0.60,1.00
GGOEGAAX0042,Android Stretch Fit Hat,24.00,41.00,16.00,0.60,1.00
9183220, Leather Journal-Brown,0.00,0.00,16.00,0.60,1.00
9182780, Women's Shell Jacket Blue/Black,0.00,0.00,16.00,0.60,1.00
GGOEGAAJ032713, Men's Long & Lean Tee Grey,13.00,21.00,16.00,0.60,1.00
GGOEAAWN062648,Android Infant Short Sleeve Tee Pink,19.00,32.00,17.00,0.60,1.00
GGOEAAAB034813,Android BTTF Cosmos Graphic Tee,3.00,5.00,17.00,0.60,1.00
GGOEGADB056915, Men's Performance Full Zip Jacket Black,41.00,70.00,18.00,0.60,1.00
GGOEAAAB034915,Android BTTF Moonshot Graphic Tee,10.00,16.00,18.00,0.60,1.00
GGOEGAAX0613, Onesie Green,29.00,49.00,19.00,0.60,1.00
GGOEGAAQ057213, Men's Colorblock Tee White/Heather,6.00,10.00,19.00,0.60,1.00
GGOEGAAX0795,25L Classic Rucksack,66.00,114.00,6.00,0.70,1.00
9182179,Android Women's Short Sleeve Badge Tee Dark Heather,0.00,0.00,7.00,0.70,1.00
GGOEGAAX0734, Men's Short Sleeve Hero Tee Heather,1.00,1.00,7.00,0.70,1.00
GGOENEBD084799, Learning Thermostat 3rd Gen-USA - Copper,324.00,564.00,9.00,0.70,1.00
GGOEGAFB035814, Men's  Zip Hoodie,90.00,156.00,14.00,0.70,1.00
GGOEAAAL081114,Android Men's Pep Rally Short Sleeve Tee Navy,15.00,26.00,18.00,0.70,1.00
9182997, 17oz Stainless Steel Sport Bottle,0.00,0.00,18.00,0.70,1.00
GGOEGAAX0320,Android Men's Short Sleeve Hero Tee White,22.00,38.00,11.00,-0.10,1.00
GGOEGAAX0324,Android Men's Short Sleeve Tri-blend Hero Tee Grey,3.00,3.00,16.00,0.20,1.00
GGOEGBFC018799,Electronics Accessory Pouch,330.00,568.00,29.00,0.40,1.00
GGOEGAAX0362, Men's Pullover Hoodie Grey,25.00,33.00,5.00,0.50,1.50
GGOEGAAX0338, Men's Vintage Badge Tee Black,433.00,677.00,8.00,0.50,1.50
GGOEGAAX0326, Men's Short Sleeve Badge Tee Charcoal,8.00,12.00,11.00,0.50,1.50
GGOEGAAX0289, Women's Short Sleeve Hero Dark Grey,26.00,50.00,5.00,0.60,1.50
GGOEGAAX0746, Women's Short Sleeve Badge Tee Navy,7.00,8.00,17.00,0.60,1.50
GGOEGAAX0592, Men's Airflow 1/4 Zip Pullover Black,8.00,8.00,9.00,-0.20,1.50
GGOEAOCB077499,Android RFID Journal,73.00,86.00,9.00,0.30,0.30
GGOEGAAX0586, Women's Yoga Jacket Black,23.00,33.00,6.00,-0.30,0.30
GGOEGAAX0329,Android Men's Long & Lean Badge Tee Charcoal,39.00,65.00,18.00,-0.30,0.30
GGOEGOAB022499,Satin Black Ballpoint Pen,403.00,477.00,2.00,0.10,0.30
GGOEGHPB003410, Snapback Hat Black,230.00,105.00,3.00,0.10,0.30
GGOEGOAA017199,Rubber Grip Ballpoint Pen 4 Pack,1515.00,1791.00,3.00,0.10,0.30
GGOEAAAL081113,Android Men's Pep Rally Short Sleeve Tee Navy,6.00,7.00,5.00,0.10,0.30
GGOEGALB036516, Women's Scoop Neck Tee Black,20.00,23.00,5.00,0.10,0.30
GGOEGAWR061053, Onesie Red/Graphite,12.00,14.00,6.00,0.10,0.30
9180770,Yoga Mat Blue,0.00,0.00,6.00,0.10,0.30
GGOEGAPB057812,Women's Performance Full Zip Jacket Black,8.00,9.00,6.00,0.10,0.30
GGOEWAAJ082815, Men's Short Sleeve Tee,5.00,5.00,7.00,0.10,0.30
GGOEGAEJ029916, Women's V-Neck Tee Charcoal,4.00,4.00,7.00,0.10,0.30
GGOEGAXJ065729, Toddler 1/4 Zip Fleece Pewter,29.00,33.00,7.00,0.10,0.30
GGOEGAXR065129, Toddler Short Sleeve Tee Red,11.00,12.00,7.00,0.10,0.30
GGOEGAEJ028115, Women's Short Sleeve Badge Tee Grey,11.00,13.00,8.00,0.10,0.30
9184681, 17 oz Double Wall Stainless Steel Insulated Bottle,0.00,0.00,8.00,0.10,0.30
GGOEGAFJ036213, Men's Pullover Hoodie Grey,12.00,14.00,8.00,0.10,0.30
GGOEGALJ060116, Women's Short Sleeve Performance Tee Pewter,5.00,6.00,8.00,0.10,0.30
GGOEGADB056613,Men's Weatherblock Shell Jacket Black,4.00,4.00,9.00,0.10,0.30
GGOEGAPB058215, Women's Lightweight Microfleece Jacket,5.00,5.00,9.00,0.10,0.30
GGOEAAAB034815,Android BTTF Cosmos Graphic Tee,5.00,6.00,10.00,0.10,0.30
GGOEGOCC077999, Spiral Journal with Pen,3896.00,4668.00,10.00,0.10,0.30
GGOEAAYC068726,Android Youth Short Sleeve T-shirt Aqua,4.00,4.00,10.00,0.10,0.30
GGOEGAEJ031316, Tri-blend Hoodie Grey,10.00,11.00,10.00,0.10,0.30
GGOEAAAB081015,Android Men's Outerstellar Short Sleeve Tee Black,11.00,13.00,10.00,0.10,0.30
GGOEGATH060713, Women's Convertible Vest-Jacket Sea Foam Green,27.00,32.00,11.00,0.10,0.30
GGOEGAAX0684, Youth Short Sleeve T-shirt Green,11.00,12.00,11.00,0.10,0.30
9183086, Youth Girl Tee Green,0.00,0.00,11.00,0.10,0.30
GGOENEBQ079099, Protect Smoke + CO White Battery Alarm-USA,999.00,325.00,11.00,0.10,0.30
GGOEGALQ036615, Women's Scoop Neck Tee White,43.00,50.00,11.00,0.10,0.30
GGOEGAAJ059116, Men's Short Sleeve Performance Badge Tee Pewter,13.00,15.00,11.00,0.10,0.30
GGOEYAEJ029517, Women's Short Sleeve Tri-blend Badge Tee Charcoal,3.00,3.00,11.00,0.10,0.30
GGOEGALJ060115, Women's Short Sleeve Performance Tee Pewter,7.00,8.00,12.00,0.10,0.30
GGOEGAPB057514,Women's Weatherblock Shell Jacket Black,7.00,8.00,12.00,0.10,0.30
9181573, Snapback Hat Black,0.00,0.00,12.00,0.10,0.30
GGOEAAYC068756,Android Youth Short Sleeve T-shirt Aqua,64.00,77.00,13.00,0.10,0.30
GGOEYAEB028414,Women's  Short Sleeve Hero Tee Black,31.00,37.00,13.00,0.10,0.30
GGOEAAAP081216,Android Men's Take Charge Short Sleeve Tee Purple,14.00,16.00,13.00,0.10,0.30
9180757,Yoga Block,0.00,0.00,13.00,0.10,0.30
GGOEGALP036315, Women's Long Sleeve Tee Lavender,15.00,18.00,13.00,0.10,0.30
GGOEAAAJ032913,Android Men's Long & Lean Badge Tee Charcoal,24.00,27.00,13.00,0.10,0.30
9182812, Infant Zip Hood Pink,0.00,0.00,14.00,0.10,0.30
GGOEGAXL065930, Toddler Raglan Shirt Blue Heather/Navy,18.00,20.00,14.00,0.10,0.30
GGOEYFKQ020699, Custom Decals,3786.00,4536.00,14.00,0.10,0.30
GGOEAAWJ062548,Android Infant Short Sleeve Tee Pewter,2.00,2.00,14.00,0.10,0.30
GGOEYAAB031814, Men's Short Sleeve Hero Tee Black,35.00,40.00,14.00,0.10,0.30
GGOEYAQB073217, Women's Fleece Hoodie Black,1.00,1.00,14.00,0.10,0.30
GGOEAAAP081217,Android Men's Take Charge Short Sleeve Tee Purple,6.00,7.00,15.00,0.10,0.30
GGOEGAEJ028915, Women's Short Sleeve Hero Dark Grey,2.00,2.00,15.00,0.10,0.30
GGOEAAAB034916,Android BTTF Moonshot Graphic Tee,11.00,13.00,15.00,0.10,0.30
GGOEGAEJ031317, Tri-blend Hoodie Grey,3.00,3.00,15.00,0.10,0.30
GGOEGAAL010614, Men's 100% Cotton Short Sleeve Hero Tee Navy,62.00,74.00,15.00,0.10,0.30
GGOEYAEJ029515, Women's Short Sleeve Tri-blend Badge Tee Charcoal,94.00,111.00,16.00,0.10,0.30
GGOEGAAH034013, Men's Vintage Badge Tee Sage,3.00,3.00,16.00,0.10,0.30
GGOEYAAJ032513, Men's Short Sleeve Hero Tee Charcoal,20.00,23.00,18.00,0.10,0.30
GGOEYAEJ029015, Women's Short Sleeve Hero Tee Charcoal,4.00,4.00,19.00,0.10,0.30
9181019, Tri-blend Hoodie Grey,0.00,0.00,19.00,0.10,0.30
GGOEYAAB031816, Men's Short Sleeve Hero Tee Black,18.00,20.00,19.00,0.10,0.30
GGOEGAAX0327, Men's Long & Lean Tee Grey,3.00,5.00,6.00,-0.10,0.30
GGOEGAAX0318, Men's Short Sleeve Hero Tee Black,151.00,275.00,6.00,-0.10,0.30
GGOEGAAX0361,Android Women's Fleece Hoodie,16.00,21.00,13.00,-0.10,0.30
GGOEGAAX0352,Android Men's Vintage Henley,21.00,37.00,15.00,-0.10,0.30
GGOEGOAQ020099,Four Color Retractable Pen,2002.00,2450.00,22.00,0.20,0.30
GGOENEBB078899, Cam Indoor Security Camera - USA,2139.00,2615.00,42.00,0.20,0.30
GGOEGOAR013599,Ballpoint Stylus Pen,769.00,942.00,5.00,0.20,0.30
GGOEGCBB074199, Car Clip Phone Holder,171.00,205.00,5.00,0.20,0.30
GGOEGALQ034213, Women's Vintage Hero Tee White,78.00,94.00,6.00,0.20,0.30
GGOEAAWT061749,Android Onesie Gold,7.00,8.00,6.00,0.20,0.30
GGOEGADB057313, Men's Lightweight Microfleece Jacket Black,9.00,11.00,7.00,0.20,0.30
GGOEGADJ057117, Men's Performance 1/4 Zip Pullover Heather/Black,2.00,2.00,10.00,0.20,0.30
GGOEGAXL065928, Toddler Raglan Shirt Blue Heather/Navy,10.00,12.00,10.00,0.20,0.30
GGOEGAEC029114, Women's Short Sleeve Hero Tee Sky Blue,7.00,8.00,11.00,0.20,0.30
GGOEGAEB027815, Women's Short Sleeve Hero Tee Black,163.00,200.00,11.00,0.20,0.30
GGOEGAAX0314, Men's 3/4 Sleeve Henley,0.00,0.00,11.00,0.20,0.30
9180764, Canvas Tote Natural/Navy,0.00,0.00,12.00,0.20,0.30
GGOEAAXC066429,Android Toddler Short Sleeve T-shirt Aqua,81.00,99.00,12.00,0.20,0.30
GGOEGAXC065255, Toddler Short Sleeve T-shirt Royal Blue,2.00,2.00,12.00,0.20,0.30
GGOEGAEJ031315, Tri-blend Hoodie Grey,28.00,34.00,12.00,0.20,0.30
GGOEGKAA019299,Switch Tone Color Crayon Pen,1163.00,388.00,12.00,0.20,0.30
GGOEGAAJ032314, Men's Short Sleeve Hero Tee Charcoal,49.00,59.00,12.00,0.20,0.30
GGOEAAAB081013,Android Men's Outerstellar Short Sleeve Tee Black,10.00,12.00,12.00,0.20,0.30
GGOEGADJ057114, Men's Performance 1/4 Zip Pullover Heather/Black,16.00,19.00,12.00,0.20,0.30
GGOEGAAQ057216, Men's Colorblock Tee White/Heather,2.00,2.00,13.00,0.20,0.30
GGOEGAXC065230, Toddler Short Sleeve T-shirt Royal Blue,10.00,12.00,14.00,0.20,0.30
GGOEGAPB058214, Women's Lightweight Microfleece Jacket,11.00,13.00,14.00,0.20,0.30
9182739, Men's Watershed Full Zip Hoodie Grey,0.00,0.00,14.00,0.20,0.30
GGOEGAPB058212, Women's Lightweight Microfleece Jacket,3.00,3.00,15.00,0.20,0.30
9182793, Men's Long & Lean Tee Charcoal,0.00,0.00,16.00,0.20,0.30
GGOEGAXR066028, Toddler Sports T-shirt Red,5.00,6.00,16.00,0.20,0.30
GGOEGAAJ080613, Men's Bike Short Sleeve Tee Charcoal,24.00,29.00,16.00,0.20,0.30
9183214, Hard Cover Journal,0.00,0.00,17.00,0.20,0.30
GGOEGATB060614, Women's Convertible Vest-Jacket Black,31.00,37.00,17.00,0.20,0.30
GGOEGADJ056818, Men's Watershed Full Zip Hoodie Grey,6.00,7.00,17.00,0.20,0.30
GGOEAAEJ028214,Android Women's Short Sleeve Badge Tee Dark Heather,6.00,7.00,18.00,0.20,0.30
GGOEGAQB036017, Women's Fleece Hoodie,1.00,1.00,19.00,0.20,0.30
GGOEGAAX0569, Men's Performance Full Zip Jacket Black,33.00,54.00,12.00,-0.40,0.30
GGOEGCMB020932,Suitcase Organizer Cubes,295.00,342.00,7.00,0.80,0.30
GGOEGPJC019099,"7"" Dog Frisbee",133.00,154.00,11.00,0.80,0.30
GGOEAXXX0810,Android Men's Outerstellar Short Sleeve Tee Black,2.00,3.00,6.00,0.00,0.60
GGOEGAAX0595, Men's Microfiber 1/4 Zip Pullover Blue/Indigo,5.00,9.00,7.00,-0.50,0.60
GGOEYHPB072210, Twill Cap,1429.00,1997.00,2.00,0.30,0.60
GGOEWAAJ083513, Men's Typography Short Sleeve Tee,1.00,1.00,6.00,0.30,0.60
GGOEGHPJ080310, Blackout Cap,299.00,415.00,6.00,0.30,0.60
GGOEGAAX0664,Android Toddler Short Sleeve T-shirt Aqua,12.00,16.00,6.00,0.30,0.60
GGOEGAEQ027916, Women's Short Sleeve Hero Tee White,14.00,19.00,6.00,0.30,0.60
GGOEGAYQ069024, Youth Short Sleeve Tee White,4.00,5.00,6.00,0.30,0.60
GGOEYAEA035116, Men's Vintage Henley,19.00,26.00,7.00,0.30,0.60
GGOEGAAJ073415, Men's Short Sleeve Hero Tee Heather,10.00,13.00,7.00,0.30,0.60
GGOEGAXC065229, Toddler Short Sleeve T-shirt Royal Blue,16.00,22.00,7.00,0.30,0.60
GGOEGAAJ032317, Men's Short Sleeve Hero Tee Charcoal,18.00,25.00,8.00,0.30,0.60
GGOEGADB059614, Men's Quilted Insulated Vest Black,20.00,27.00,8.00,0.30,0.60
GGOEAAWN062649,Android Infant Short Sleeve Tee Pink,13.00,18.00,8.00,0.30,0.60
GGOEGAWR061154, Onesie Red,27.00,37.00,8.00,0.30,0.60
GGOEGAAB010517, Men's 100% Cotton Short Sleeve Hero Tee Black,36.00,50.00,8.00,0.30,0.60
GGOEGALP036317, Women's Long Sleeve Tee Lavender,7.00,9.00,8.00,0.30,0.60
GGOEGAER029714, Women's Short Sleeve Hero Tee Red Heather,29.00,40.00,9.00,0.30,0.60
GGOEGAAJ057018, Men's Short Sleeve Performance Badge Tee Charcoal,4.00,5.00,9.00,0.30,0.60
9180844,Gunmetal Roller Ball Pen,0.00,0.00,9.00,0.30,0.60
GGOEGADJ056814, Men's Watershed Full Zip Hoodie Grey,41.00,57.00,9.00,0.30,0.60
GGOEGAUC057714, Women's Performance Golf Polo Blue,5.00,6.00,10.00,0.30,0.60
9182764, Women's Convertible Vest-Jacket Black,0.00,0.00,11.00,0.30,0.60
GGOEYAEA035114, Men's Vintage Henley,46.00,65.00,11.00,0.30,0.60
GGOEGAAQ033918, Men's Vintage Badge Tee White,12.00,16.00,11.00,0.30,0.60
GGOEAAYJ068824,Android Youth Short Sleeve T-shirt Pewter,27.00,38.00,12.00,0.30,0.60
GGOEGALB036513, Women's Scoop Neck Tee Black,66.00,91.00,12.00,0.30,0.60
GGOEGAAC032117, Men's Short Sleeve Hero Tee Light Blue,2.00,2.00,12.00,0.30,0.60
GGOEGAEA030414, Womens 3/4 Sleeve Baseball Raglan Heather/Black,23.00,32.00,13.00,0.30,0.60
9182828, Toddler Short Sleeve T-shirt Royal Blue,0.00,0.00,13.00,0.30,0.60
GGOEGAAJ057017, Men's Short Sleeve Performance Badge Tee Charcoal,7.00,9.00,13.00,0.30,0.60
GGOEGAYB068056, Youth Baseball Raglan Heather/Black,2.00,2.00,13.00,0.30,0.60
GGOEGDHJ082599, 17 oz Double Wall Stainless Steel Insulated Bottle,456.00,633.00,14.00,0.30,0.60
9182751, Men's Performance Full Zip Jacket Black,0.00,0.00,14.00,0.30,0.60
GGOEGAAX0662,Android Toddler Short Sleeve T-shirt Pewter,5.00,6.00,14.00,0.30,0.60
GGOEAAAL081116,Android Men's Pep Rally Short Sleeve Tee Navy,14.00,19.00,14.00,0.30,0.60
9184695, Baby on Board Window Decal,0.00,0.00,15.00,0.30,0.60
GGOEGAEJ028113, Women's Short Sleeve Badge Tee Grey,19.00,26.00,15.00,0.30,0.60
GGOEYHPA003610, Wool Heather Cap Heather/Black,0.00,0.00,15.00,0.30,0.60
GGOEGALQ034214, Women's Vintage Hero Tee White,90.00,125.00,16.00,0.30,0.60
GGOEGALJ036413, Women's Tee Grey,9.00,12.00,16.00,0.30,0.60
GGOEYAEA035115, Men's Vintage Henley,38.00,53.00,17.00,0.30,0.60
9182581, Women's Fleece Hoodie,0.00,0.00,17.00,0.30,0.60
GGOEAAWT061754,Android Onesie Gold,2.00,2.00,18.00,0.30,0.60
GGOEGAEC033113, Men's Long Sleeve Raglan Ocean Blue,26.00,36.00,18.00,0.30,0.60
GGOEAAAJ031913,Android Men's Short Sleeve Hero Tee Heather,49.00,68.00,19.00,0.30,0.60
GGOEGAPJ058012, Women's 1/4 Zip Jacket Charcoal,9.00,12.00,19.00,0.30,0.60
GGOEGAEB027814, Women's Short Sleeve Hero Tee Black,124.00,173.00,19.00,0.30,0.60
GGOEGFSR022099, Kick Ball,15170.00,723.00,5.00,0.60,0.60
GGOEGAAX0279, Women's Short Sleeve Hero Tee White,21.00,41.00,5.00,0.10,0.60
GGOEGBPB082099,UpCycled Handlebar Bag,76.00,107.00,12.00,0.10,0.60
GGOEGAAX0295, Women's Short Sleeve Tri-blend Badge Tee Charcoal,24.00,43.00,18.00,0.10,0.60
GGOEGAAX0573, Men's Lightweight Microfleece Jacket Black,18.00,20.00,19.00,0.10,0.60
GGOEGAAL010617, Men's 100% Cotton Short Sleeve Hero Tee Navy,5.00,7.00,5.00,0.40,0.60
GGOEGAAB058918, Men's Short Sleeve Performance Badge Tee Black,2.00,2.00,6.00,0.40,0.60
9182771, Women's 1/4 Zip Jacket Charcoal,0.00,0.00,6.00,0.40,0.60
GGOEGAAX0685, Youth Short Sleeve T-shirt Yellow,27.00,38.00,7.00,0.40,0.60
9182743, Men's Microfiber 1/4 Zip Pullover Blue/Indigo,0.00,0.00,7.00,0.40,0.60
GGOEGALQ036617, Women's Scoop Neck Tee White,7.00,10.00,7.00,0.40,0.60
9180838,Metal Texture Roller Pen,0.00,0.00,8.00,0.40,0.60
GGOEGAEJ028914, Women's Short Sleeve Hero Dark Grey,5.00,7.00,9.00,0.40,0.60
9182569, Men's  Zip Hoodie,0.00,0.00,10.00,0.40,0.60
GGOEGALP036316, Women's Long Sleeve Tee Lavender,1.00,1.00,10.00,0.40,0.60
GGOEGAXR065155, Toddler Short Sleeve Tee Red,2.00,2.00,10.00,0.40,0.60
GGOEGARJ058413, Women's Yoga Pants,3.00,4.00,10.00,0.40,0.60
GGOEYAAJ033014, Men's Long & Lean Tee Charcoal,29.00,42.00,11.00,0.40,0.60
GGOEWALJ082713, Women's Short Sleeve Tee,3.00,4.00,12.00,0.40,0.60
GGOEGAPB058614, Women's Yoga Jacket Black,6.00,8.00,12.00,0.40,0.60
GGOEGAAX0661, Toddler Short Sleeve Tee Red,12.00,17.00,13.00,0.40,0.60
GGOEGAEJ028917, Women's Short Sleeve Hero Dark Grey,4.00,5.00,13.00,0.40,0.60
GGOEGAWQ062249, Infant Short Sleeve Tee White,22.00,31.00,14.00,0.40,0.60
GGOEYAEB035615, Men's Vintage Tank,52.00,74.00,15.00,0.40,0.60
GGOEGAEJ028916, Women's Short Sleeve Hero Dark Grey,2.00,2.00,17.00,0.40,0.60
9182737, Women's 3/4 Sleeve Baseball Raglan Heather/Black,0.00,0.00,17.00,0.40,0.60
GGOEGAAX0657, Toddler 1/4 Zip Fleece Pewter,31.00,44.00,17.00,0.40,0.60
GGOEYHPA003510, Trucker Hat,0.00,0.00,17.00,0.40,0.60
GGOEGAFJ036216, Men's Pullover Hoodie Grey,12.00,17.00,18.00,0.40,0.60
GGOEYAAJ032517, Men's Short Sleeve Hero Tee Charcoal,1.00,1.00,19.00,0.40,0.60
9184721,BLM Sweatshirt,0.00,0.00,19.00,0.40,0.60
GGOEGAAH034014, Men's Vintage Badge Tee Sage,193.00,277.00,19.00,0.40,0.60
GGOEGAWR061153, Onesie Red,14.00,20.00,19.00,0.40,0.60
GGOEGAAB010515, Men's 100% Cotton Short Sleeve Hero Tee Black,134.00,193.00,19.00,0.40,0.60
GGOEGAAX0213,Yoga Mat,29.00,54.00,5.00,0.00,1.20
GGOEGOAQ018099,Pen Pencil & Highlighter Set,1067.00,1939.00,5.00,0.70,1.20
GGOEGAAX0686, Youth Short Sleeve Tee Red,22.00,40.00,6.00,0.70,1.20
GGOEGADB057316, Men's Lightweight Microfleece Jacket Black,5.00,9.00,6.00,0.70,1.20
GGOEAAEJ035716,Android Men's Vintage Tank,5.00,9.00,6.00,0.70,1.20
GGOEYAAB031813, Men's Short Sleeve Hero Tee Black,15.00,27.00,6.00,0.70,1.20
GGOEGADB056916, Men's Performance Full Zip Jacket Black,15.00,27.00,6.00,0.70,1.20
GGOEAAAJ031914,Android Men's Short Sleeve Hero Tee Heather,69.00,126.00,8.00,0.70,1.20
GGOEGFKA022299,Keyboard DOT Sticker,480.00,189.00,9.00,0.70,1.20
GGOEAAWT061748,Android Onesie Gold,19.00,34.00,9.00,0.70,1.20
GGOEGFYQ016599,Foam Can and Bottle Cooler,2442.00,4495.00,10.00,0.70,1.20
GGOEGAAJ080617, Men's Bike Short Sleeve Tee Charcoal,19.00,34.00,11.00,0.70,1.20
GGOEGADJ059815, Men's Convertible Vest-Jacket Pewter,1.00,1.00,11.00,0.70,1.20
GGOEGAEJ035316, Vintage Henley Grey/Black,13.00,23.00,11.00,0.70,1.20
GGOEAFKQ020499,8 pc Android Sticker Sheet,336.00,613.00,12.00,0.70,1.20
GGOEGAAC035014, Men's Bayside Graphic Tee,5.00,9.00,14.00,0.70,1.20
GGOEGAAX0689, Youth Girl Hoodie,4.00,7.00,15.00,0.70,1.20
9182898,Android Youth Short Sleeve T-shirt Aqua,0.00,0.00,16.00,0.70,1.20
GGOEGAER029713, Women's Short Sleeve Hero Tee Red Heather,14.00,25.00,17.00,0.70,1.20
9183112, Men's Fleece Hoodie Black,0.00,0.00,18.00,0.70,1.20
GGOEGAAQ033913, Men's Vintage Badge Tee White,41.00,74.00,18.00,0.70,1.20
9184734, Learning Thermostat 3rd Gen-USA - Copper,0.00,0.00,19.00,0.70,1.20
GGOEGALP034317, Women's Vintage Hero Tee Lavender,5.00,9.00,19.00,0.70,1.20
GGOEGALJ034415, Women's Vintage Hero Tee Platinum,36.00,65.00,19.00,0.70,1.20
GGOEGBMC056599,Waterproof Gear Bag,140.00,261.00,15.00,-0.10,1.20
GGOEAHPA004110,Android Wool Heather Cap Heather/Black,168.00,305.00,9.00,0.20,1.20
GGOEGBPB081999,UpCycled Bike Saddle Bag,42.00,79.00,12.00,0.20,1.20
GGOEGPXC023299, Collapsible Pet Bowl,27.00,50.00,6.00,0.40,1.20
GGOEGAAX0306, Women's Recycled Fabric Tee,11.00,16.00,10.00,0.40,1.20
GGOEGAAX0353, Vintage Henley Grey/Black,57.00,95.00,10.00,0.40,1.20
GGOEGAAX0321, Men's Short Sleeve Hero Tee Light Blue,2.00,3.00,10.00,0.40,1.20
GGOEWXXX0828, Men's Short Sleeve Tee,1.00,1.00,14.00,0.40,1.20
GGOEGAAX0309,Android Women's Long Sleeve Blended Cardigan Grey,18.00,28.00,18.00,0.40,1.20
GGOEGAAX0282,Android Women's Short Sleeve Badge Tee Dark Heather,17.00,19.00,15.00,-0.40,1.20
GGOEGAAX0168, Pet Feeding Mat,45.00,83.00,18.00,-0.40,1.20
GGOEGAEJ028913, Women's Short Sleeve Hero Dark Grey,3.00,5.00,5.00,0.80,1.20
GGOEGHPJ080110, 5-Panel Cap,47.00,87.00,5.00,0.80,1.20
9181572,Android Wool Heather Cap Heather/Black,0.00,0.00,5.00,0.80,1.20
GGOEGAAB033813, Men's Vintage Badge Tee Black,72.00,135.00,5.00,0.80,1.20
GGOEAAAJ080814,Android Men's Engineer Short Sleeve Tee Charcoal,12.00,22.00,6.00,0.80,1.20
9182705,Android Men's Long & Lean Badge Tee Charcoal,0.00,0.00,7.00,0.80,1.20
GGOEGAFJ036214, Men's Pullover Hoodie Grey,13.00,24.00,8.00,0.80,1.20
9182785, Women's Lightweight Microfleece Jacket,0.00,0.00,8.00,0.80,1.20
9180767, Slim Utility Travel Bag,0.00,0.00,8.00,0.80,1.20
GGOEGALL074615, Women's Short Sleeve Badge Tee Navy,14.00,25.00,9.00,0.80,1.20
GGOENEBQ081699, Protect Smoke + CO White Battery Alarm - CA,14.00,25.00,9.00,0.80,1.20
GGOEGALP034315, Women's Vintage Hero Tee Lavender,14.00,26.00,10.00,0.80,1.20
9182502, Women's Yoga Jacket Black,0.00,0.00,10.00,0.80,1.20
GGOEGALJ057913, Women's Short Sleeve Performance Tee Charcoal,6.00,11.00,10.00,0.80,1.20
GGOEGAEJ030813, Women's Long Sleeve Blended Cardigan Charcoal,23.00,42.00,10.00,0.80,1.20
GGOEGAAQ033916, Men's Vintage Badge Tee White,85.00,156.00,11.00,0.80,1.20
GGOEAAFB035917,Android Men's  Zip Hoodie,4.00,7.00,11.00,0.80,1.20
GGOEGOLC013299,Spiral Notebook and Pen Set,3582.00,6708.00,11.00,0.80,1.20
GGOEGAYH067925, Youth Girl Tee Green,3.00,5.00,11.00,0.80,1.20
9183186, G Noise-reducing Bluetooth Headphones,0.00,0.00,11.00,0.80,1.20
GGOEGALP034313, Women's Vintage Hero Tee Lavender,17.00,31.00,11.00,0.80,1.20
GGOEGALJ073314, Women's Short Sleeve Hero Tee Heather,5.00,9.00,12.00,0.80,1.20
GGOEGBPB021199, Slim Utility Travel Bag,276.00,516.00,12.00,0.80,1.20
9180905, Men's Long Sleeve Raglan Ocean Blue,0.00,0.00,13.00,0.80,1.20
GGOEGAAH034017, Men's Vintage Badge Tee Sage,40.00,74.00,14.00,0.80,1.20
GGOEGAER035513, Men's Vintage Tank,4.00,7.00,14.00,0.80,1.20
9183152, Youth Short Sleeve Tee Red,0.00,0.00,14.00,0.80,1.20
9182777, Women's Performance Golf Polo Blue,0.00,0.00,14.00,0.80,1.20
GGOEAAAB081014,Android Men's Outerstellar Short Sleeve Tee Black,13.00,24.00,15.00,0.80,1.20
GGOEGAAJ032816, Men's Long & Lean Tee Charcoal,165.00,309.00,16.00,0.80,1.20
GGOEGAPB058617, Women's Yoga Jacket Black,3.00,5.00,16.00,0.80,1.20
GGOEGADJ056815, Men's Watershed Full Zip Hoodie Grey,57.00,105.00,17.00,0.80,1.20
GGOEYAAJ033016, Men's Long & Lean Tee Charcoal,12.00,22.00,17.00,0.80,1.20
9182658, Women's Short Sleeve Hero Tee Sky Blue,0.00,0.00,17.00,0.80,1.20
GGOEGADC059313, Men's Airflow 1/4 Zip Pullover Lapis,1.00,1.00,17.00,0.80,1.20
9182742, Men's Convertible Vest-Jacket Pewter,0.00,0.00,17.00,0.80,1.20
GGOEAAEJ033417,Android Men's Long Sleeve Badge Crew Tee Heather,5.00,9.00,19.00,0.80,1.20
GGOEGAYT068524, Youth Short Sleeve T-shirt Yellow,25.00,46.00,19.00,0.80,1.20
GGOEGAAX0591, Men's Short Sleeve Performance Badge Tee Pewter,27.00,29.00,15.00,0.60,1.70
GGOEGHPB080410, 5-Panel Snapback Cap,151.00,219.00,8.00,0.30,0.70
GGOEGAAX0733, Women's Short Sleeve Hero Tee Heather,1.00,1.00,7.00,0.10,0.70
GGOEGAAX0317, Men's Short Sleeve Hero Tee White,50.00,86.00,10.00,0.10,0.70
GGOEGAAX0284,Women's  Short Sleeve Hero Tee Black,22.00,23.00,11.00,0.10,0.70
GGOEGAAX0341, Women's Vintage Hero Tee Black,188.00,332.00,19.00,0.10,0.70
GGOEGAAX0280, Women's Short Sleeve Hero Tee Grey,30.00,52.00,19.00,0.10,0.70
GGOEGETR014599, Tube Power Bank,218.00,72.00,8.00,-0.20,0.70
GGOEGFKQ020399, Laptop and Cell Phone Stickers,1033.00,1516.00,3.00,0.40,0.70
GGOEAAAH083316,Android Men's Paradise Short Sleeve Tee Olive,8.00,11.00,5.00,0.40,0.70
GGOEAAAJ032917,Android Men's Long & Lean Badge Tee Charcoal,20.00,30.00,5.00,0.40,0.70
9181151,Gift Card - $50.00,0.00,0.00,5.00,0.40,0.70
GGOEGAYR068224, Youth Short Sleeve Tee Red,9.00,13.00,5.00,0.40,0.70
GGOEGAWC061949, Infant Short Sleeve Tee Royal Blue,2.00,2.00,5.00,0.40,0.70
GGOEGALQ034217, Women's Vintage Hero Tee White,13.00,19.00,6.00,0.40,0.70
GGOEGAYQ069056, Youth Short Sleeve Tee White,10.00,14.00,6.00,0.40,0.70
9180782,Seat Pack Organizer,0.00,0.00,7.00,0.40,0.70
GGOEGAAJ032613, Men's Short Sleeve Badge Tee Charcoal,32.00,46.00,7.00,0.40,0.70
GGOEGADB056618,Men's Weatherblock Shell Jacket Black,2.00,2.00,7.00,0.40,0.70
9183226,Android Luggage Tag,0.00,0.00,7.00,0.40,0.70
GGOEAAAB081016,Android Men's Outerstellar Short Sleeve Tee Black,2.00,2.00,8.00,0.40,0.70
GGOEGAWQ062953, Baby Essentials Set,231.00,346.00,8.00,0.40,0.70
GGOEGAAX0781, Leather Journal,119.00,181.00,8.00,0.40,0.70
GGOEGDHR018499, 22 oz Water Bottle,975.00,1482.00,9.00,0.40,0.70
GGOEGADC059314, Men's Airflow 1/4 Zip Pullover Lapis,3.00,4.00,9.00,0.40,0.70
GGOEGGOA017399,Maze Pen,1748.00,324.00,9.00,0.40,0.70
GGOEGAAQ010415, Men's 100% Cotton Short Sleeve Hero Tee White,221.00,335.00,9.00,0.40,0.70
GGOEGALQ034216, Women's Vintage Hero Tee White,12.00,17.00,9.00,0.40,0.70
GGOEGAPJ058016, Women's 1/4 Zip Jacket Charcoal,3.00,4.00,10.00,0.40,0.70
GGOEYAEB035616, Men's Vintage Tank,5.00,7.00,10.00,0.40,0.70
GGOEGAWC062850, Infant Zip Hood Royal Blue,21.00,30.00,10.00,0.40,0.70
9183228, Cam Indoor Security Camera - USA,0.00,0.00,10.00,0.40,0.70
9182999, Bongo Cupholder Bluetooth Speaker,0.00,0.00,10.00,0.40,0.70
GGOEAAAJ032916,Android Men's Long & Lean Badge Tee Charcoal,28.00,42.00,11.00,0.40,0.70
GGOEYAQB073216, Women's Fleece Hoodie Black,9.00,13.00,11.00,0.40,0.70
GGOEGADB056917, Men's Performance Full Zip Jacket Black,7.00,10.00,11.00,0.40,0.70
GGOEGATB060414, Women's Quilted Insulated Vest Black,2.00,2.00,11.00,0.40,0.70
9182909, Collapsible Pet Bowl,0.00,0.00,11.00,0.40,0.70
GGOEGOAQ012899,Ballpoint LED Light Pen,1415.00,2098.00,11.00,0.40,0.70
GGOEYAAJ032514, Men's Short Sleeve Hero Tee Charcoal,28.00,41.00,12.00,0.40,0.70
9182559,Android Men's Vintage Henley,0.00,0.00,12.00,0.40,0.70
9181150,Gift Card - $250.00,0.00,0.00,12.00,0.40,0.70
GGOEGAXC065630, Toddler Hoodie Royal Blue,18.00,27.00,12.00,0.40,0.70
GGOEGAXL065955, Toddler Raglan Shirt Blue Heather/Navy,6.00,9.00,12.00,0.40,0.70
9184705, Women's Typography Short Sleeve Tee,0.00,0.00,13.00,0.40,0.70
GGOEAAXC066455,Android Toddler Short Sleeve T-shirt Aqua,18.00,26.00,13.00,0.40,0.70
GGOEYAYR068625, Youth Short Sleeve Tee Red,18.00,26.00,13.00,0.40,0.70
GGOEGAUC057713, Women's Performance Golf Polo Blue,3.00,4.00,13.00,0.40,0.70
GGOEGALP036313, Women's Long Sleeve Tee Lavender,20.00,29.00,14.00,0.40,0.70
GGOEAAEJ033413,Android Men's Long Sleeve Badge Crew Tee Heather,29.00,43.00,14.00,0.40,0.70
GGOEGBRB079599,25L Classic Rucksack,28.00,40.00,15.00,0.40,0.70
GGOEAOBH078799,Android Luggage Tag,22.00,32.00,15.00,0.40,0.70
GGOEGAXC065228, Toddler Short Sleeve T-shirt Royal Blue,14.00,20.00,15.00,0.40,0.70
9180840,Satin Black Ballpoint Pen,0.00,0.00,16.00,0.40,0.70
GGOEGAAX0625,Android Infant Short Sleeve Tee Pewter,16.00,23.00,16.00,0.40,0.70
GGOEGAXJ065730, Toddler 1/4 Zip Fleece Pewter,2.00,3.00,16.00,0.40,0.70
GGOEGAER029717, Women's Short Sleeve Hero Tee Red Heather,5.00,7.00,16.00,0.40,0.70
GGOEYAEJ029615, Women's Short Sleeve Tri-blend Badge Tee Grey,1.00,1.00,16.00,0.40,0.70
GGOEYAYR068656, Youth Short Sleeve Tee Red,10.00,15.00,17.00,0.40,0.70
GGOEGHPJ080010, French Terry Cap,0.00,0.00,17.00,0.40,0.70
GGOEGAEC029115, Women's Short Sleeve Hero Tee Sky Blue,11.00,16.00,18.00,0.40,0.70
GGOEAAEJ030915,Android Women's Long Sleeve Blended Cardigan Grey,6.00,8.00,18.00,0.40,0.70
9182995, Car Clip Phone Holder,0.00,0.00,18.00,0.40,0.70
GGOEYAYR068624, Youth Short Sleeve Tee Red,26.00,38.00,18.00,0.40,0.70
GGOEGALJ036414, Women's Tee Grey,16.00,23.00,19.00,0.40,0.70
9182752, Men's Short Sleeve Performance Badge Tee Charcoal,0.00,0.00,19.00,0.40,0.70
GGOEGAYQ068924, Youth Girl Hoodie,4.00,5.00,19.00,0.40,0.70
GGOEGCBN016899, Pet Feeding Mat,48.00,69.00,7.00,0.80,0.70
GGOEGAAX0593, Men's Airflow 1/4 Zip Pullover Lapis,16.00,23.00,8.00,0.00,1.40
GGOEGAAX0291, Women's Short Sleeve Hero Tee Sky Blue,27.00,44.00,9.00,0.50,1.40
GGOEGAAX0304, Women's 3/4 Sleeve Baseball Raglan Heather/Black,19.00,26.00,9.00,0.50,1.40
GGOEGAAX0570, Men's Short Sleeve Performance Badge Tee Charcoal,31.00,57.00,14.00,0.50,1.40
GGOEGAAX0313, Tri-blend Hoodie Grey,59.00,101.00,15.00,0.50,1.40
GGOEGAAX0349,Android BTTF Moonshot Graphic Tee,0.00,0.00,15.00,0.50,1.40
GGOEGAAX0290, Women's Short Sleeve Hero Tee Charcoal,45.00,54.00,16.00,0.50,1.40
GGOEGAAX0323, Men's Short Sleeve Hero Tee Charcoal,11.00,20.00,19.00,0.50,1.40
GGOEGAAX0582, Women's Lightweight Microfleece Jacket,3.00,3.00,19.00,0.50,1.40
GGOEGAAX0577, Women's Performance Golf Polo Blue,0.00,0.00,19.00,0.50,1.40
GGOEGAAX0351, Men's Vintage Henley,79.00,133.00,9.00,-0.50,1.40
GGOEGEHQ024099,Clip-on Compact Charger,745.00,1468.00,11.00,-0.30,1.40
GGOEGAAX0590, Men's Short Sleeve Performance Badge Tee Navy,15.00,21.00,9.00,0.10,1.40
GGOEGESC014099,Rocket Flashlight,123.00,242.00,11.00,0.20,1.40
GGOEGOAR013099, Stylus Pen w/ LED Light,1100.00,2164.00,39.00,0.90,1.40
GGOEGOAB021499,Metal Texture Roller Pen,390.00,775.00,3.00,0.90,1.40
GGOEGADJ056816, Men's Watershed Full Zip Hoodie Grey,13.00,25.00,5.00,0.90,1.40
GGOEWFKA083299, Mood Ninja Window Decal,48.00,94.00,6.00,0.90,1.40
GGOEGAQB036016, Women's Fleece Hoodie,6.00,11.00,6.00,0.90,1.40
GGOEYAWJ061448, Onesie Heather,19.00,37.00,7.00,0.90,1.40
9182383, Men's Watershed Full Zip Hoodie Grey,0.00,0.00,7.00,0.90,1.40
GGOEGAXR065128, Toddler Short Sleeve Tee Red,14.00,27.00,8.00,0.90,1.40
GGOEGALJ036417, Women's Tee Grey,7.00,13.00,8.00,0.90,1.40
GGOEGAAX0350, Men's Bayside Graphic Tee,17.00,33.00,8.00,0.90,1.40
GGOEGAAX0627, Infant Zip Hood Pink,18.00,35.00,8.00,0.90,1.40
GGOEGALJ034416, Women's Vintage Hero Tee Platinum,7.00,13.00,9.00,0.90,1.40
GGOEGAPB057816,Women's Performance Full Zip Jacket Black,6.00,11.00,10.00,0.90,1.40
GGOEGAAJ073414, Men's Short Sleeve Hero Tee Heather,15.00,29.00,11.00,0.90,1.40
GGOEGAAX0619, Infant Short Sleeve Tee Royal Blue,17.00,33.00,11.00,0.90,1.40
9182587,Android Women's Fleece Hoodie,0.00,0.00,12.00,0.90,1.40
9183000, Pocket Bluetooth Speaker,0.00,0.00,12.00,0.90,1.40
GGOEGAAX0346, Men's Vintage Tee,0.00,0.00,12.00,0.90,1.40
GGOEGADJ059713, Men's Quilted Insulated Vest Battleship Grey,14.00,27.00,12.00,0.90,1.40
GGOEGAEJ030815, Women's Long Sleeve Blended Cardigan Charcoal,13.00,25.00,13.00,0.90,1.40
GGOEGAAC032116, Men's Short Sleeve Hero Tee Light Blue,3.00,5.00,13.00,0.90,1.40
GGOEGOCR017899,Recycled Paper Journal Set,2524.00,4975.00,13.00,0.90,1.40
GGOEGAPB057813,Women's Performance Full Zip Jacket Black,17.00,33.00,14.00,0.90,1.40
GGOEGAYL068125, Youth Sports Tee Navy,19.00,37.00,14.00,0.90,1.40
GGOEGALJ034413, Women's Vintage Hero Tee Platinum,48.00,94.00,15.00,0.90,1.40
GGOEAAWT061753,Android Onesie Gold,15.00,29.00,15.00,0.90,1.40
GGOEGAAQ010414, Men's 100% Cotton Short Sleeve Hero Tee White,94.00,186.00,16.00,0.90,1.40
GGOEGAEJ031313, Tri-blend Hoodie Grey,32.00,62.00,16.00,0.90,1.40
GGOEGAAB058913, Men's Short Sleeve Performance Badge Tee Black,2.00,3.00,17.00,0.90,1.40
GGOEGAEJ031314, Tri-blend Hoodie Grey,23.00,45.00,17.00,0.90,1.40
GGOEGAYB068024, Youth Baseball Raglan Heather/Black,11.00,21.00,18.00,0.90,1.40
9183194, Executive Umbrella,0.00,0.00,18.00,0.90,1.40
GGOEGAAQ033914, Men's Vintage Badge Tee White,121.00,237.00,18.00,0.90,1.40
GGOEYAAJ032515, Men's Short Sleeve Hero Tee Charcoal,17.00,33.00,18.00,0.90,1.40
9180868,Crunch Noise Dog Toy,0.00,0.00,19.00,0.90,1.40
GGOEWXXX0827, Women's Short Sleeve Tee,0.00,0.00,14.00,0.70,1.90
GGOEGAAX0348,Android BTTF Cosmos Graphic Tee,3.00,4.00,15.00,0.70,1.90
GGOEAXXX0809,Android Lifted Men's Short Sleeve Tee Blue,11.00,14.00,17.00,0.70,1.90
GGOEGAAX0331, Men's Long Sleeve Raglan Ocean Blue,8.00,10.00,17.00,0.10,1.90
GGOEGAAX0598, Men's Convertible Vest-Jacket Pewter,0.00,0.00,17.00,0.20,1.90
GGOEGAAX0299, Women's V-Neck Tee Charcoal,51.00,77.00,8.00,0.80,1.90
GGOEGAAX0343, Women's Vintage Hero Tee Lavender,33.00,65.00,17.00,0.80,1.90
GGOEGAAX0566, Men's Weatherblock Shell Jacket Black,4.00,5.00,17.00,0.80,1.90
GGOEYOCR077399, RFID Journal,935.00,433.00,3.00,0.00,0.10
GGOEGOLC014299, Metallic Notebook Set,2718.00,610.00,5.00,0.00,0.10
GGOEGAAJ057016, Men's Short Sleeve Performance Badge Tee Charcoal,29.00,30.00,5.00,0.00,0.10
9180808,Basecamp Explorer Powerbank Flashlight,0.00,0.00,5.00,0.00,0.10
GGOEGBRJ037399, Rucksack,212.00,228.00,5.00,0.00,0.10
GGOEYAAQ031715, Men's Short Sleeve Hero Tee White,37.00,39.00,7.00,0.00,0.10
9184676,UpCycled Handlebar Bag,0.00,0.00,7.00,0.00,0.10
GGOEGAPB058217, Women's Lightweight Microfleece Jacket,3.00,3.00,7.00,0.00,0.10
GGOEWFKA083199, Mood Original Window Decal,63.00,66.00,8.00,0.00,0.10
GGOEGAYR068225, Youth Short Sleeve Tee Red,1.00,1.00,9.00,0.00,0.10
GGOEGADB056615,Men's Weatherblock Shell Jacket Black,12.00,12.00,10.00,0.00,0.10
GGOEGALJ072913, Women's Performance Hero Tee Gunmetal,1.00,1.00,10.00,0.00,0.10
GGOEGAAQ033915, Men's Vintage Badge Tee White,111.00,120.00,10.00,0.00,0.10
GGOEYAAB031815, Men's Short Sleeve Hero Tee Black,36.00,39.00,10.00,0.00,0.10
GGOEGBRA037499,Waterproof Backpack,215.00,230.00,10.00,0.00,0.10
GGOEGAPJ058014, Women's 1/4 Zip Jacket Charcoal,17.00,18.00,10.00,0.00,0.10
GGOEGAAX0614, Onesie Heather,25.00,26.00,11.00,0.00,0.10
GGOEAAEB028314,Android Women's Short Sleeve Hero Tee Black,1.00,1.00,11.00,0.00,0.10
9181149,Gift Card - $25.00,0.00,0.00,11.00,0.00,0.10
GGOEWAAJ082817, Men's Short Sleeve Tee,2.00,2.00,11.00,0.00,0.10
GGOEGALL074616, Women's Short Sleeve Badge Tee Navy,14.00,15.00,12.00,0.00,0.10
GGOEGAWR061849, Infant Short Sleeve Tee Red,1.00,1.00,13.00,0.00,0.10
GGOEGATJ060515, Women's Quilted Insulated Vest White,2.00,2.00,13.00,0.00,0.10
GGOEGAAL010615, Men's 100% Cotton Short Sleeve Hero Tee Navy,63.00,66.00,14.00,0.00,0.10
GGOEGAAR010715, Men's 100% Cotton Short Sleeve Hero Tee Red,139.00,146.00,14.00,0.00,0.10
GGOEGALQ036616, Women's Scoop Neck Tee White,26.00,27.00,14.00,0.00,0.10
GGOEGAWH061353, Onesie Green,27.00,29.00,15.00,0.00,0.10
9182706,Android Stretch Fit Hat,0.00,0.00,15.00,0.00,0.10
9180862, Screen Cleaning Cloth,0.00,0.00,15.00,0.00,0.10
GGOEAXXX0811,Android Men's Pep Rally Short Sleeve Tee Navy,1.00,1.00,16.00,0.00,0.10
GGOEAAAJ031916,Android Men's Short Sleeve Hero Tee Heather,79.00,84.00,16.00,0.00,0.10
GGOEGAAJ080614, Men's Bike Short Sleeve Tee Charcoal,50.00,53.00,16.00,0.00,0.10
9183106, Women's Performance Hero Tee Gunmetal,0.00,0.00,17.00,0.00,0.10
GGOEGAAX0335, Men's Long Sleeve Pullover Badge Tee Heather,0.00,0.00,17.00,0.00,0.10
GGOEGAXR065130, Toddler Short Sleeve Tee Red,12.00,12.00,17.00,0.00,0.10
9182701,Android Men's Long Sleeve Badge Crew Tee Heather,0.00,0.00,17.00,0.00,0.10
GGOEGADB059213, Men's Airflow 1/4 Zip Pullover Black,2.00,2.00,18.00,0.00,0.10
GGOENEBQ081599, Cam Outdoor Security Camera - CA,37.00,40.00,18.00,0.00,0.10
GGOEGAPB057516,Women's Weatherblock Shell Jacket Black,4.00,4.00,18.00,0.00,0.10
GGOEGAYH067924, Youth Girl Tee Green,9.00,9.00,19.00,0.00,0.10
9183210, RFID Journal,0.00,0.00,19.00,0.00,0.10
GGOEGALQ036614, Women's Scoop Neck Tee White,49.00,52.00,19.00,0.00,0.10
GGOEGAAX0364, Women's Tee Grey,26.00,40.00,13.00,-0.30,0.10
GGOEGFAQ016699,Bottle Opener Clip,362.00,381.00,10.00,0.60,0.10
GGOEGAAX0340, Men's Vintage Badge Tee Sage,254.00,442.00,9.00,-0.20,0.10
GGOEGAAX0576, Women's Softshell Jacket Black/Grey,0.00,0.00,16.00,-0.20,0.10
GGOEGAAX0308, Women's Long Sleeve Blended Cardigan Charcoal,20.00,37.00,18.00,-0.20,0.10
GGOEGBJL013999, Canvas Tote Natural/Navy,551.00,602.00,3.00,0.00,0.20
GGOEAAXJ066255,Android Toddler Short Sleeve T-shirt Pewter,16.00,17.00,5.00,0.00,0.20
GGOEYAEJ029514, Women's Short Sleeve Tri-blend Badge Tee Charcoal,81.00,88.00,5.00,0.00,0.20
GGOEGAAX0679, Youth Girl Tee Green,14.00,15.00,6.00,0.00,0.20
9180792,20 oz Stainless Steel Insulated Tumbler,0.00,0.00,8.00,0.00,0.20
GGOEGAEJ030814, Women's Long Sleeve Blended Cardigan Charcoal,34.00,37.00,8.00,0.00,0.20
GGOEGAFJ036217, Men's Pullover Hoodie Grey,2.00,2.00,9.00,0.00,0.20
9182753, Men's Weatherblock Shell Jacket Black,0.00,0.00,10.00,0.00,0.20
GGOENEBQ079199, Protect Smoke + CO White Wired Alarm-USA,1244.00,1361.00,13.00,0.00,0.20
9183221, Leather Journal-Black,0.00,0.00,15.00,0.00,0.20
GGOEYOBR078599, Luggage Tag,0.00,0.00,15.00,0.00,0.20
GGOEWAAJ082814, Men's Short Sleeve Tee,6.00,6.00,16.00,0.00,0.20
GGOEGAWR061049, Onesie Red/Graphite,10.00,10.00,16.00,0.00,0.20
GGOEGATJ060513, Women's Quilted Insulated Vest White,17.00,18.00,16.00,0.00,0.20
GGOEGAAX0690, Youth Short Sleeve Tee White,29.00,31.00,19.00,0.00,0.20
GGOEGAAX0660, Toddler Sports T-shirt Red,10.00,10.00,19.00,0.00,0.20
GGOEGALL074614, Women's Short Sleeve Badge Tee Navy,29.00,31.00,19.00,0.00,0.20
GGOEGCBC016999, Pet Feeding Mat,105.00,115.00,19.00,0.50,0.20
GGOEGFQB013799,Compact Selfie Stick,268.00,297.00,7.00,0.30,0.20
GGOEGEVR014999, Water Resistant Bluetooth Speaker,183.00,205.00,6.00,0.60,0.20
GGOEGAAX0098,"7"" Dog Frisbee",197.00,376.00,5.00,-0.60,0.20
GGOEGCBQ016499,SPF-15 Slim & Slender Lip Balm,3682.00,4069.00,31.00,0.70,0.20
GGOEGEHQ072499, 2200mAh Micro Charger,34.00,38.00,11.00,0.70,0.20
GGOEYOLR018699, Leatherette Notebook Combo,1148.00,1276.00,2.00,0.10,0.20
GGOEGAAL059013, Men's Short Sleeve Performance Badge Tee Navy,18.00,19.00,5.00,0.10,0.20
GGOEGAWR061148, Onesie Red,2.00,2.00,5.00,0.10,0.20
GGOEAAEJ028213,Android Women's Short Sleeve Badge Tee Dark Heather,6.00,6.00,5.00,0.10,0.20
GGOEGAAL010616, Men's 100% Cotton Short Sleeve Hero Tee Navy,44.00,50.00,5.00,0.10,0.20
GGOEAAYC068724,Android Youth Short Sleeve T-shirt Aqua,25.00,28.00,6.00,0.10,0.20
GGOEYAEJ029516, Women's Short Sleeve Tri-blend Badge Tee Charcoal,20.00,22.00,6.00,0.10,0.20
GGOEGAPC058812, Women's Shell Jacket Blue/Black,7.00,7.00,6.00,0.10,0.20
GGOEGHPA003010, Wool Heather Cap Heather/Navy,0.00,0.00,6.00,0.10,0.20
GGOEAAAJ032413,Android Men's Short Sleeve Tri-blend Hero Tee Grey,11.00,12.00,6.00,0.10,0.20
GGOEGAYH067926, Youth Girl Tee Green,20.00,22.00,7.00,0.10,0.20
GGOEAAXC066430,Android Toddler Short Sleeve T-shirt Aqua,63.00,72.00,7.00,0.10,0.20
GGOEGAAB010513, Men's 100% Cotton Short Sleeve Hero Tee Black,32.00,35.00,7.00,0.10,0.20
GGOEADWQ015699,Android Rise 14 oz Mug,306.00,342.00,7.00,0.10,0.20
GGOEGAYQ069025, Youth Short Sleeve Tee White,10.00,11.00,7.00,0.10,0.20
9182176,Android Women's Short Sleeve Badge Tee Dark Heather,0.00,0.00,8.00,0.10,0.20
GGOEGAXR066055, Toddler Sports T-shirt Red,5.00,5.00,8.00,0.10,0.20
GGOEGAWR061150, Onesie Red,20.00,22.00,9.00,0.10,0.20
GGOEGOCR078499, Spiral Leather Journal,401.00,449.00,9.00,0.10,0.20
GGOEAAEB028316,Android Women's Short Sleeve Hero Tee Black,2.00,2.00,9.00,0.10,0.20
GGOEGAEJ035314, Vintage Henley Grey/Black,19.00,21.00,9.00,0.10,0.20
GGOEAAEJ035713,Android Men's Vintage Tank,13.00,15.00,10.00,0.10,0.20
9182765, Women's Convertible Vest-Jacket Sea Foam Green,0.00,0.00,10.00,0.10,0.20
GGOEGAAX0628, Infant Zip Hood Royal Blue,26.00,29.00,10.00,0.10,0.20
GGOEWAAJ082813, Men's Short Sleeve Tee,2.00,2.00,11.00,0.10,0.20
GGOEGAPB058213, Women's Lightweight Microfleece Jacket,15.00,16.00,11.00,0.10,0.20
9180771,Yoga Mat Purple,0.00,0.00,11.00,0.10,0.20
9182820, Baby Essentials Set,0.00,0.00,12.00,0.10,0.20
GGOEGATH060717, Women's Convertible Vest-Jacket Sea Foam Green,1.00,1.00,12.00,0.10,0.20
GGOEGAEJ028114, Women's Short Sleeve Badge Tee Grey,19.00,21.00,12.00,0.10,0.20
GGOEYAFB073116, Men's Fleece Hoodie Black,20.00,22.00,12.00,0.10,0.20
GGOEGAAB058916, Men's Short Sleeve Performance Badge Tee Black,10.00,11.00,12.00,0.10,0.20
GGOEGOBC078699, Luggage Tag,629.00,713.00,13.00,0.10,0.20
GGOEGALB036515, Women's Scoop Neck Tee Black,55.00,62.00,13.00,0.10,0.20
GGOEGAWH061349, Onesie Green,19.00,21.00,13.00,0.10,0.20
GGOEGAER029715, Women's Short Sleeve Hero Tee Red Heather,13.00,14.00,13.00,0.10,0.20
GGOEGGCX056499,Gift Card - $50.00,9.00,9.00,14.00,0.10,0.20
GGOEGACB023699,Yoga Block,69.00,78.00,14.00,0.10,0.20
GGOEAAAB034814,Android BTTF Cosmos Graphic Tee,6.00,6.00,14.00,0.10,0.20
GGOEGAXJ065755, Toddler 1/4 Zip Fleece Pewter,26.00,29.00,14.00,0.10,0.20
GGOEGAWN062750, Infant Zip Hood Pink,86.00,97.00,15.00,0.10,0.20
GGOEGAXQ067155, Toddler Short Sleeve Tee White,8.00,9.00,15.00,0.10,0.20
GGOEGADC059516, Men's Microfiber 1/4 Zip Pullover Blue/Indigo,1.00,1.00,15.00,0.10,0.20
GGOEGAPC058814, Women's Shell Jacket Blue/Black,4.00,4.00,16.00,0.10,0.20
GGOEGALJ072915, Women's Performance Hero Tee Gunmetal,6.00,6.00,16.00,0.10,0.20
GGOEGBRB013899, Laptop Backpack,155.00,178.00,16.00,0.10,0.20
GGOEGALJ036415, Women's Tee Grey,21.00,23.00,17.00,0.10,0.20
GGOEGAEJ030817, Women's Long Sleeve Blended Cardigan Charcoal,8.00,9.00,17.00,0.10,0.20
9183223, Spiral Leather Journal,0.00,0.00,18.00,0.10,0.20
9182726, Men's Long & Lean Tee Charcoal,0.00,0.00,18.00,0.10,0.20
GGOEGATB060416, Women's Quilted Insulated Vest Black,1.00,1.00,18.00,0.10,0.20
GGOEGAAX0681, Youth Sports Tee Navy,29.00,33.00,18.00,0.10,0.20
GGOEGAXJ065728, Toddler 1/4 Zip Fleece Pewter,27.00,30.00,18.00,0.10,0.20
9183015, Onesie Heather,0.00,0.00,19.00,0.10,0.20
GGOEAAXN066328,Android Toddler Short Sleeve T-shirt Pink,20.00,22.00,19.00,0.10,0.20
GGOEAAEH035215,Android Men's Vintage Henley,25.00,27.00,19.00,0.10,0.20
GGOEYAEJ029613, Women's Short Sleeve Tri-blend Badge Tee Grey,7.00,8.00,19.00,0.10,0.20
GGOEGAAX0355, Men's Vintage Tank,18.00,31.00,17.00,-0.10,0.20
GGOEGAAX0330, Men's Long & Lean Tee Charcoal,38.00,43.00,12.00,-0.20,0.20
GGOEAXXX0812,Android Men's Take Charge Short Sleeve Tee Purple,12.00,19.00,15.00,-0.20,0.20
GGOEGEHQ071199," High Capacity 10,400mAh Charger",73.00,84.00,17.00,-0.20,0.20
GGOEGAAX0105, Men's 100% Cotton Short Sleeve Hero Tee Black,62.00,105.00,19.00,-0.20,0.20
GGOEGHGR019499, Sunglasses,1046.00,1195.00,5.00,0.40,0.20
GGOEGEVB071799, Pocket Bluetooth Speaker,214.00,246.00,2.00,0.90,0.20
GGOEGAAX0589, Men's Short Sleeve Performance Badge Tee Black,9.00,15.00,7.00,0.00,0.40
GGOEAXXX0808,Android Men's Engineer Short Sleeve Tee Charcoal,37.00,55.00,11.00,0.00,0.40
GGOEGAAX0571, Men's Performance 1/4 Zip Pullover Heather/Black,17.00,26.00,17.00,0.00,0.40
GGOEWXXX0834, Women's Typography Short Sleeve Tee,0.00,0.00,18.00,0.00,0.40
GGOEGPXR023199, Collapsible Pet Bowl,12.00,15.00,9.00,0.30,0.40
GGOEGBMJ013399,Sport Bag,2299.00,2877.00,9.00,0.30,0.40
GGOEGAAX0568, Men's Watershed Full Zip Hoodie Grey,54.00,75.00,17.00,-0.30,0.40
GGOEAFKQ020599,Android Sticker Sheet Ultra Removable,363.00,449.00,13.00,0.60,0.40
GGOEGEVA022399,Micro Wireless Earbud,185.00,234.00,16.00,0.60,0.40
GGOEGAAX0729, Women's Performance Hero Tee Gunmetal,0.00,0.00,10.00,-0.10,0.40
GGOEGAAX0358, Men's  Zip Hoodie,178.00,235.00,16.00,-0.10,0.40
GGOEGAAX0603, Women's 1/4 Zip Performance Pullover Two-Tone Blue,10.00,15.00,19.00,-0.10,0.40
GGOEADHH055999,22 oz Android Bottle,597.00,738.00,4.00,0.20,0.40
GGOEGOXQ016399,Badge Holder,916.00,1186.00,2.00,0.20,0.40
9180833,Rubber Grip Ballpoint Pen 4 Pack,0.00,0.00,5.00,0.20,0.40
GGOEGAEJ029915, Women's V-Neck Tee Charcoal,3.00,3.00,5.00,0.20,0.40
GGOEAAAB034914,Android BTTF Moonshot Graphic Tee,10.00,12.00,5.00,0.20,0.40
GGOEGAAQ010416, Men's 100% Cotton Short Sleeve Hero Tee White,9.00,11.00,5.00,0.20,0.40
GGOEGALJ073317, Women's Short Sleeve Hero Tee Heather,1.00,1.00,5.00,0.20,0.40
GGOEGALJ073313, Women's Short Sleeve Hero Tee Heather,1.00,1.00,5.00,0.20,0.40
GGOEGAPB058615, Women's Yoga Jacket Black,5.00,6.00,6.00,0.20,0.40
9182709,Android Women's Long Sleeve Blended Cardigan Grey,0.00,0.00,6.00,0.20,0.40
GGOEGAEB084514,BLM Sweatshirt,1.00,1.00,6.00,0.20,0.40
GGOEGALJ034414, Women's Vintage Hero Tee Platinum,34.00,42.00,6.00,0.20,0.40
9180781,Suitcase Organizer Cubes,0.00,0.00,7.00,0.20,0.40
GGOEGAAQ010413, Men's 100% Cotton Short Sleeve Hero Tee White,133.00,167.00,7.00,0.20,0.40
9182769, Women's Short Sleeve Performance Tee Pewter,0.00,0.00,7.00,0.20,0.40
GGOEGATH060716, Women's Convertible Vest-Jacket Sea Foam Green,9.00,11.00,8.00,0.20,0.40
GGOEGALB034114, Women's Vintage Hero Tee Black,121.00,155.00,8.00,0.20,0.40
GGOEGAYC068326, Youth Short Sleeve T-shirt Royal Blue,11.00,14.00,9.00,0.20,0.40
9181148,Gift Card- $100.00,0.00,0.00,10.00,0.20,0.40
GGOEAAXN066329,Android Toddler Short Sleeve T-shirt Pink,54.00,70.00,11.00,0.20,0.40
9182173, Stylus Pen w/ LED Light,0.00,0.00,11.00,0.20,0.40
GGOEGATC060316, Women's 1/4 Zip Performance Pullover Two-Tone Blue,1.00,1.00,11.00,0.20,0.40
GGOEYAFB073113, Men's Fleece Hoodie Black,79.00,99.00,11.00,0.20,0.40
GGOEGAAR010716, Men's 100% Cotton Short Sleeve Hero Tee Red,70.00,90.00,12.00,0.20,0.40
GGOEAAAJ032915,Android Men's Long & Lean Badge Tee Charcoal,69.00,88.00,12.00,0.20,0.40
GGOEAAEJ030916,Android Women's Long Sleeve Blended Cardigan Grey,8.00,10.00,12.00,0.20,0.40
9180748,Android Lunch Kit,0.00,0.00,12.00,0.20,0.40
GGOEGADJ059717, Men's Quilted Insulated Vest Battleship Grey,3.00,3.00,12.00,0.20,0.40
GGOEGADB056616,Men's Weatherblock Shell Jacket Black,13.00,16.00,13.00,0.20,0.40
GGOEGALB034117, Women's Vintage Hero Tee Black,59.00,74.00,13.00,0.20,0.40
GGOEGAAB033817, Men's Vintage Badge Tee Black,93.00,119.00,14.00,0.20,0.40
GGOEGALP036314, Women's Long Sleeve Tee Lavender,13.00,16.00,14.00,0.20,0.40
9182754, Men's Softshell Jacket Black/Grey,0.00,0.00,14.00,0.20,0.40
GGOEGAER035516, Men's Vintage Tank,5.00,6.00,14.00,0.20,0.40
GGOENEBJ081899, Learning Thermostat 3rd Gen - CA - Stainless Steel,54.00,69.00,14.00,0.20,0.40
9181137, Alpine Style Backpack,0.00,0.00,14.00,0.20,0.40
9184737, Pack of 9 Decal Set,0.00,0.00,14.00,0.20,0.40
GGOEGAYB068025, Youth Baseball Raglan Heather/Black,6.00,7.00,14.00,0.20,0.40
9182746, Men's Quilted Insulated Vest Battleship Grey,0.00,0.00,15.00,0.20,0.40
GGOEAAWJ062550,Android Infant Short Sleeve Tee Pewter,2.00,2.00,15.00,0.20,0.40
GGOEGDHB072099, Insulated Stainless Steel Bottle,0.00,0.00,16.00,0.20,0.40
GGOEGATB060413, Women's Quilted Insulated Vest Black,6.00,7.00,16.00,0.20,0.40
GGOEGAPB057517,Women's Weatherblock Shell Jacket Black,2.00,2.00,16.00,0.20,0.40
9180806,Clip-on Compact Charger,0.00,0.00,16.00,0.20,0.40
GGOEAAEH035216,Android Men's Vintage Henley,2.00,2.00,16.00,0.20,0.40
9180824,Foam Can and Bottle Cooler,0.00,0.00,16.00,0.20,0.40
GGOEGAER035517, Men's Vintage Tank,1.00,1.00,17.00,0.20,0.40
GGOEGAPB058612, Women's Yoga Jacket Black,17.00,21.00,17.00,0.20,0.40
GGOEYAEJ029014, Women's Short Sleeve Hero Tee Charcoal,4.00,5.00,17.00,0.20,0.40
GGOEGAAH034016, Men's Vintage Badge Tee Sage,193.00,248.00,18.00,0.20,0.40
GGOEWCKQ085457, Pack of 9 Decal Set,31.00,39.00,18.00,0.20,0.40
GGOEGAEJ028014, Women's Short Sleeve Hero Tee Grey,90.00,114.00,18.00,0.20,0.40
GGOEGAQB036013, Women's Fleece Hoodie,58.00,73.00,18.00,0.20,0.40
9182773, Women's Short Sleeve Performance Tee Charcoal,0.00,0.00,18.00,0.20,0.40
GGOEGAAX0610, Onesie Red/Graphite,51.00,63.00,19.00,0.20,0.40
9183091, Youth Baseball Raglan Heather/Black,0.00,0.00,19.00,0.20,0.40
GGOEGADJ057115, Men's Performance 1/4 Zip Pullover Heather/Black,7.00,8.00,19.00,0.20,0.40
9182903,Android Youth Short Sleeve T-shirt Pewter,0.00,0.00,19.00,0.20,0.40
GGOEGALQ034215, Women's Vintage Hero Tee White,29.00,37.00,19.00,0.20,0.40
GGOEAAEH035217,Android Men's Vintage Henley,8.00,10.00,19.00,0.20,0.40
GGOEAKDH019899,Windup Android,1351.00,1674.00,5.00,0.40,0.40
GGOEGAAX0578, Women's Performance Full Zip Jacket Black,10.00,17.00,13.00,-0.40,0.40
GGOEGCBC074299, Device Stand,154.00,195.00,15.00,0.80,0.40
GGOEGDHR082199, 25 oz Red Stainless Steel Bottle,221.00,341.00,30.00,0.50,0.80
GGOEGAXC065655, Toddler Hoodie Royal Blue,30.00,47.00,5.00,0.50,0.80
GGOEGAAJ032614, Men's Short Sleeve Badge Tee Charcoal,62.00,97.00,5.00,0.50,0.80
9180814,Micro Wireless Earbud,0.00,0.00,5.00,0.50,0.80
GGOEGAWR061048, Onesie Red/Graphite,20.00,31.00,5.00,0.50,0.80
GGOEGALQ036613, Women's Scoop Neck Tee White,39.00,59.00,6.00,0.50,0.80
GGOEGAYR068226, Youth Short Sleeve Tee Red,5.00,7.00,6.00,0.50,0.80
GGOEGAAJ057015, Men's Short Sleeve Performance Badge Tee Charcoal,88.00,137.00,6.00,0.50,0.80
GGOEWFKA083099, Mood Happy Window Decal,17.00,26.00,6.00,0.50,0.80
GGOEGAEJ028016, Women's Short Sleeve Hero Tee Grey,33.00,51.00,6.00,0.50,0.80
GGOEGAAX0652, Toddler Short Sleeve T-shirt Royal Blue,19.00,30.00,6.00,0.50,0.80
9180759, Lunch Bag,0.00,0.00,6.00,0.50,0.80
GGOEGAWR061050, Onesie Red/Graphite,4.00,6.00,7.00,0.50,0.80
GGOEGAAJ059114, Men's Short Sleeve Performance Badge Tee Pewter,69.00,107.00,7.00,0.50,0.80
GGOEAAYC068725,Android Youth Short Sleeve T-shirt Aqua,51.00,77.00,7.00,0.50,0.80
GGOEAAAC080917,Android Lifted Men's Short Sleeve Tee Blue,6.00,9.00,7.00,0.50,0.80
9182722, Men's 100% Cotton Short Sleeve Hero Tee Navy,0.00,0.00,7.00,0.50,0.80
GGOEGAAX0656, Toddler Hoodie Royal Blue,33.00,51.00,7.00,0.50,0.80
GGOEAAXJ066229,Android Toddler Short Sleeve T-shirt Pewter,3.00,4.00,8.00,0.50,0.80
GGOEYAEJ029017, Women's Short Sleeve Hero Tee Charcoal,3.00,4.00,8.00,0.50,0.80
GGOEGAAJ032616, Men's Short Sleeve Badge Tee Charcoal,31.00,48.00,8.00,0.50,0.80
GGOEYAEJ029616, Women's Short Sleeve Tri-blend Badge Tee Grey,3.00,4.00,8.00,0.50,0.80
GGOEGALL074613, Women's Short Sleeve Badge Tee Navy,22.00,33.00,8.00,0.50,0.80
GGOEGADC059316, Men's Airflow 1/4 Zip Pullover Lapis,4.00,6.00,8.00,0.50,0.80
GGOEGADJ056813, Men's Watershed Full Zip Hoodie Grey,35.00,54.00,9.00,0.50,0.80
GGOEGADC059513, Men's Microfiber 1/4 Zip Pullover Blue/Indigo,6.00,9.00,9.00,0.50,0.80
GGOEGADB056717,Men's Softshell Jacket Black/Grey,2.00,3.00,9.00,0.50,0.80
GGOEAAAJ080816,Android Men's Engineer Short Sleeve Tee Charcoal,9.00,13.00,9.00,0.50,0.80
GGOEGALB034116, Women's Vintage Hero Tee Black,79.00,121.00,9.00,0.50,0.80
GGOEGDHQ015399,26 oz Double Wall Insulated Bottle,845.00,256.00,9.00,0.50,0.80
9184620, Men's Performance Full Zip Jacket Black,0.00,0.00,9.00,0.50,0.80
GGOEGAAQ057215, Men's Colorblock Tee White/Heather,4.00,6.00,10.00,0.50,0.80
GGOEGAAX0629, Baby Essentials Set,126.00,194.00,10.00,0.50,0.80
GGOEYAAJ033015, Men's Long & Lean Tee Charcoal,21.00,33.00,10.00,0.50,0.80
GGOEGOCB078299, Leather Journal-Black,224.00,354.00,10.00,0.50,0.80
GGOEAAAJ080813,Android Men's Engineer Short Sleeve Tee Charcoal,17.00,26.00,11.00,0.50,0.80
GGOEYAWJ061449, Onesie Heather,45.00,71.00,11.00,0.50,0.80
GGOEGAEB084515,BLM Sweatshirt,6.00,9.00,11.00,0.50,0.80
GGOEAAAH083313,Android Men's Paradise Short Sleeve Tee Olive,2.00,3.00,11.00,0.50,0.80
GGOEGAWH061354, Onesie Green,33.00,50.00,11.00,0.50,0.80
GGOEAAAJ031917,Android Men's Short Sleeve Hero Tee Heather,37.00,57.00,12.00,0.50,0.80
GGOEAAAH083315,Android Men's Paradise Short Sleeve Tee Olive,12.00,18.00,12.00,0.50,0.80
GGOEAAAB034817,Android BTTF Cosmos Graphic Tee,7.00,10.00,12.00,0.50,0.80
GGOEGADC059517, Men's Microfiber 1/4 Zip Pullover Blue/Indigo,2.00,3.00,12.00,0.50,0.80
GGOEGAXQ067128, Toddler Short Sleeve Tee White,8.00,12.00,12.00,0.50,0.80
GGOEYOCR077799, Hard Cover Journal,1330.00,2046.00,13.00,0.50,0.80
9180754,8 pc Android Sticker Sheet,0.00,0.00,13.00,0.50,0.80
GGOEGALJ073315, Women's Short Sleeve Hero Tee Heather,2.00,3.00,13.00,0.50,0.80
GGOEGOCC077299, RFID Journal,1834.00,2839.00,13.00,0.50,0.80
9182605, Women's Tee Grey,0.00,0.00,13.00,0.50,0.80
GGOEGAXQ067130, Toddler Short Sleeve Tee White,12.00,18.00,13.00,0.50,0.80
GGOEAAQB036116,Android Women's Fleece Hoodie,12.00,18.00,14.00,0.50,0.80
GGOEGADB059613, Men's Quilted Insulated Vest Black,12.00,18.00,14.00,0.50,0.80
9184698, Mood Ninja Window Decal,0.00,0.00,14.00,0.50,0.80
GGOEAAAJ080817,Android Men's Engineer Short Sleeve Tee Charcoal,3.00,4.00,14.00,0.50,0.80
9180809, Flashlight,0.00,0.00,14.00,0.50,0.80
GGOEGAAJ057013, Men's Short Sleeve Performance Badge Tee Charcoal,27.00,43.00,15.00,0.50,0.80
GGOEGADJ059714, Men's Quilted Insulated Vest Battleship Grey,6.00,9.00,15.00,0.50,0.80
GGOEAAEJ035714,Android Men's Vintage Tank,42.00,64.00,15.00,0.50,0.80
GGOEGAAX0231, Collapsible Pet Bowl,39.00,59.00,15.00,0.50,0.80
GGOEGADB059216, Men's Airflow 1/4 Zip Pullover Black,5.00,7.00,16.00,0.50,0.80
GGOEYAEB028415,Women's  Short Sleeve Hero Tee Black,4.00,6.00,16.00,0.50,0.80
GGOEAAAJ032417,Android Men's Short Sleeve Tri-blend Hero Tee Grey,8.00,12.00,16.00,0.50,0.80
GGOEYAYR068626, Youth Short Sleeve Tee Red,3.00,4.00,17.00,0.50,0.80
GGOEYAEJ029513, Women's Short Sleeve Tri-blend Badge Tee Charcoal,56.00,89.00,18.00,0.50,0.80
9183213,Android Hard Cover Journal,0.00,0.00,18.00,0.50,0.80
GGOEYAEB035617, Men's Vintage Tank,1.00,1.00,18.00,0.50,0.80
9181139,Waterproof Backpack,0.00,0.00,18.00,0.50,0.80
GGOEAAAB034917,Android BTTF Moonshot Graphic Tee,13.00,20.00,19.00,0.50,0.80
GGOEAAXN066330,Android Toddler Short Sleeve T-shirt Pink,44.00,70.00,19.00,0.50,0.80
GGOEAAEJ035715,Android Men's Vintage Tank,15.00,23.00,19.00,0.50,0.80
GGOEGAAJ032815, Men's Long & Lean Tee Charcoal,161.00,251.00,19.00,0.50,0.80
GGOEGAXC065629, Toddler Hoodie Royal Blue,27.00,41.00,19.00,0.50,0.80
9182788,Yoga Mat,0.00,0.00,19.00,0.50,0.80
GGOEGAWC062849, Infant Zip Hood Royal Blue,69.00,108.00,19.00,0.50,0.80
GGOEYAFB073117, Men's Fleece Hoodie Black,13.00,20.00,19.00,0.50,0.80
GGOEGESB015099,Basecamp Explorer Powerbank Flashlight,200.00,306.00,14.00,-0.30,0.80
GGOEGOFH020299, Screen Cleaning Cloth,844.00,1324.00,5.00,0.70,0.80
GGOEGESB015199, Flashlight,9.00,13.00,6.00,0.70,0.80
GGOEGAAX0604, Women's Quilted Insulated Vest Black,6.00,10.00,11.00,0.10,0.80
GGOEGAAX0328, Men's Long & Lean Tee Charcoal,8.00,11.00,14.00,0.10,0.80
GGOEGAAX0342, Women's Vintage Hero Tee White,127.00,172.00,14.00,0.10,0.80
GGOEGAAX0572, Men's Colorblock Tee White/Heather,1.00,1.00,8.00,0.20,0.80
GGOEACCQ017299,Android Lunch Kit,107.00,163.00,12.00,-0.20,0.80
GGOEGCKQ013199,1 oz Hand Sanitizer,381.00,679.00,3.00,0.50,1.10
GGOEGAAX0344, Women's Vintage Hero Tee Platinum,32.00,34.00,5.00,-0.50,1.10
GGOEGAAX0297, Women's Short Sleeve Hero Tee Red Heather,11.00,16.00,6.00,0.30,1.10
GGOEGAAX0602, Women's 1/4 Zip Performance Pullover Black,12.00,21.00,12.00,0.30,1.10
GGOEGAAX0730, Men's Performance Hero Tee Gunmetal,1.00,1.00,17.00,0.30,1.10
GGOEGAAX0731, Men's Fleece Hoodie Black,94.00,142.00,17.00,0.30,1.10
GGOEGOAJ021599,Gunmetal Roller Ball Pen,740.00,1321.00,36.00,0.70,1.10
GGOEGAAX0074, 22 oz Water Bottle,8942.00,15607.00,2.00,0.70,1.10
GGOEGAXQ067129, Toddler Short Sleeve Tee White,7.00,12.00,5.00,0.70,1.10
9183240,25L Classic Rucksack,0.00,0.00,5.00,0.70,1.10
9182873,Android Toddler Short Sleeve T-shirt Pink,0.00,0.00,5.00,0.70,1.10
GGOEGAER035515, Men's Vintage Tank,23.00,41.00,5.00,0.70,1.10
9182721, Men's 100% Cotton Short Sleeve Hero Tee Black,0.00,0.00,5.00,0.70,1.10
GGOEGADJ059814, Men's Convertible Vest-Jacket Pewter,5.00,8.00,5.00,0.70,1.10
GGOEAHPJ074410,Android Twill Cap,91.00,161.00,5.00,0.70,1.10
9180756,Windup Android,0.00,0.00,6.00,0.70,1.10
GGOEGKWQ060910, Bib White,65.00,116.00,6.00,0.70,1.10
GGOEAAWJ062549,Android Infant Short Sleeve Tee Pewter,5.00,8.00,6.00,0.70,1.10
GGOEGALB036517, Women's Scoop Neck Tee Black,13.00,23.00,7.00,0.70,1.10
9183230, Protect Smoke + CO White Battery Alarm-USA,0.00,0.00,7.00,0.70,1.10
GGOEGOCT019199,Red Spiral  Notebook,316.00,43.00,8.00,0.70,1.10
GGOEGAAJ073016, Men's Performance Hero Tee Gunmetal,6.00,10.00,8.00,0.70,1.10
GGOEAAEJ033415,Android Men's Long Sleeve Badge Crew Tee Heather,51.00,92.00,8.00,0.70,1.10
GGOEGOAC021799,Ballpoint Pen Blue,226.00,400.00,8.00,0.70,1.10
GGOEAAAP081214,Android Men's Take Charge Short Sleeve Tee Purple,38.00,68.00,8.00,0.70,1.10
GGOEGAWQ062248, Infant Short Sleeve Tee White,4.00,7.00,8.00,0.70,1.10
9182738, Women's Long Sleeve Blended Cardigan Charcoal,0.00,0.00,8.00,0.70,1.10
GGOEGADB059215, Men's Airflow 1/4 Zip Pullover Black,24.00,41.00,9.00,0.70,1.10
9182593, Men's Pullover Hoodie Grey,0.00,0.00,9.00,0.70,1.10
GGOEGAYQ069026, Youth Short Sleeve Tee White,2.00,3.00,9.00,0.70,1.10
9182781, Women's Short Sleeve Hero Tee Black,0.00,0.00,9.00,0.70,1.10
GGOEGAAX0688,Android Youth Short Sleeve T-shirt Pewter,2.00,3.00,10.00,0.70,1.10
GGOEGGCX056399,Gift Card - $250.00,22.00,38.00,10.00,0.70,1.10
GGOEAAFB035915,Android Men's  Zip Hoodie,8.00,14.00,10.00,0.70,1.10
GGOEGADJ057113, Men's Performance 1/4 Zip Pullover Heather/Black,10.00,18.00,11.00,0.70,1.10
9182575,Android Men's  Zip Hoodie,0.00,0.00,11.00,0.70,1.10
GGOEAAAL081115,Android Men's Pep Rally Short Sleeve Tee Navy,23.00,41.00,11.00,0.70,1.10
9182784, Women's Short Sleeve Hero Tee White,0.00,0.00,12.00,0.70,1.10
GGOEGDHC015299,23 oz Wide Mouth Sport Bottle,402.00,142.00,12.00,0.70,1.10
9181664,Waterproof Gear Bag,0.00,0.00,12.00,0.70,1.10
GGOEGAEQ027915, Women's Short Sleeve Hero Tee White,29.00,51.00,12.00,0.70,1.10
GGOEGAAC035017, Men's Bayside Graphic Tee,4.00,7.00,13.00,0.70,1.10
GGOEGADB059217, Men's Airflow 1/4 Zip Pullover Black,4.00,7.00,14.00,0.70,1.10
GGOEGAFB035817, Men's  Zip Hoodie,9.00,15.00,14.00,0.70,1.10
GGOEGADC059514, Men's Microfiber 1/4 Zip Pullover Blue/Indigo,9.00,16.00,14.00,0.70,1.10
GGOEGAAB033814, Men's Vintage Badge Tee Black,222.00,395.00,14.00,0.70,1.10
GGOEGAYT068525, Youth Short Sleeve T-shirt Yellow,33.00,59.00,14.00,0.70,1.10
9182725, Men's Long & Lean Tee Grey,0.00,0.00,15.00,0.70,1.10
GGOEGATB060616, Women's Convertible Vest-Jacket Black,3.00,5.00,15.00,0.70,1.10
GGOEGHPA002910, Trucker Hat,0.00,0.00,15.00,0.70,1.10
GGOEGATB060617, Women's Convertible Vest-Jacket Black,9.00,15.00,15.00,0.70,1.10
GGOEGAAJ032814, Men's Long & Lean Tee Charcoal,163.00,295.00,15.00,0.70,1.10
GGOEGAEA030415, Womens 3/4 Sleeve Baseball Raglan Heather/Black,19.00,33.00,15.00,0.70,1.10
GGOEAAEH035214,Android Men's Vintage Henley,24.00,43.00,15.00,0.70,1.10
GGOEGAEC033116, Men's Long Sleeve Raglan Ocean Blue,39.00,70.00,15.00,0.70,1.10
GGOEGAPB057817,Women's Performance Full Zip Jacket Black,4.00,7.00,16.00,0.70,1.10
GGOEGAAL010613, Men's 100% Cotton Short Sleeve Hero Tee Navy,21.00,37.00,16.00,0.70,1.10
GGOEGAYB068026, Youth Baseball Raglan Heather/Black,12.00,21.00,16.00,0.70,1.10
GGOEGBRD079699,25L Classic Rucksack,23.00,40.00,16.00,0.70,1.10
GGOEGAAJ032617, Men's Short Sleeve Badge Tee Charcoal,5.00,9.00,16.00,0.70,1.10
GGOEGAWC062848, Infant Zip Hood Royal Blue,35.00,62.00,16.00,0.70,1.10
GGOEGAAJ032817, Men's Long & Lean Tee Charcoal,58.00,102.00,17.00,0.70,1.10
GGOEYAXR066129, Toddler Short Sleeve Tee Red,4.00,7.00,17.00,0.70,1.10
GGOEGAEB027816, Women's Short Sleeve Hero Tee Black,21.00,37.00,17.00,0.70,1.10
GGOEGAAX0651, Toddler Short Sleeve Tee Red,41.00,71.00,18.00,0.70,1.10
GGOEGAAC035015, Men's Bayside Graphic Tee,12.00,21.00,18.00,0.70,1.10
GGOEGATB060214, Women's 1/4 Zip Performance Pullover Black,5.00,8.00,19.00,0.70,1.10
GGOEGAAC032114, Men's Short Sleeve Hero Tee Light Blue,20.00,35.00,19.00,0.70,1.10
GGOEGATB060216, Women's 1/4 Zip Performance Pullover Black,4.00,7.00,19.00,0.70,1.10
GGOEGBCR024399, Lunch Bag,160.00,290.00,11.00,0.40,1.10
GGOEGHGC019799, Sunglasses,1361.00,2444.00,13.00,0.40,1.10
GGOEGAAX0605, Women's Quilted Insulated Vest White,10.00,16.00,9.00,0.60,1.60
GGOEGAAX0597, Men's Quilted Insulated Vest Battleship Grey,24.00,45.00,11.00,0.60,1.60
GGOEGAAX0366, Women's Scoop Neck Tee White,51.00,81.00,18.00,0.60,1.60
GGOEGOCB017499,Leatherette Journal,3071.00,4978.00,36.00,0.50,0.90
GGOEGAAX0037, Sunglasses,4204.00,6805.00,5.00,0.50,0.90
GGOEGFKQ020799, Doodle Decal,1290.00,2080.00,5.00,0.50,0.90
GGOEGALJ036416, Women's Tee Grey,7.00,11.00,5.00,0.50,0.90
9180820, Doodle Decal,0.00,0.00,7.00,0.50,0.90
9180793,26 oz Double Wall Insulated Bottle,0.00,0.00,8.00,0.50,0.90
GGOEGALP034316, Women's Vintage Hero Tee Lavender,3.00,4.00,8.00,0.50,0.90
9180766,Sport Bag,0.00,0.00,8.00,0.50,0.90
GGOEGATB060615, Women's Convertible Vest-Jacket Black,16.00,25.00,8.00,0.50,0.90
9184675,UpCycled Bike Saddle Bag,0.00,0.00,8.00,0.50,0.90
GGOEYAEA035117, Men's Vintage Henley,37.00,59.00,8.00,0.50,0.90
9184708, Women's Typography Short Sleeve Tee,0.00,0.00,9.00,0.50,0.90
GGOEYAWJ061454, Onesie Heather,13.00,21.00,10.00,0.50,0.90
GGOEGAAB010514, Men's 100% Cotton Short Sleeve Hero Tee Black,681.00,1101.00,10.00,0.50,0.90
GGOEAAFB035913,Android Men's  Zip Hoodie,8.00,12.00,11.00,0.50,0.90
GGOEGBJC019999,Collapsible Shopping Bag,1184.00,117.00,11.00,0.50,0.90
9183096, Youth Sports Tee Navy,0.00,0.00,12.00,0.50,0.90
9180779,1 oz Hand Sanitizer,0.00,0.00,12.00,0.50,0.90
GGOEAHPJ004314,Android Stretch Fit Hat M/L,37.00,59.00,13.00,0.50,0.90
GGOEGAWR061850, Infant Short Sleeve Tee Red,3.00,4.00,13.00,0.50,0.90
GGOEAAWN062650,Android Infant Short Sleeve Tee Pink,6.00,9.00,14.00,0.50,0.90
GGOEGESQ016799,Plastic Sliding Flashlight,1570.00,2561.00,14.00,0.50,0.90
GGOEGAUC057717, Women's Performance Golf Polo Blue,2.00,3.00,14.00,0.50,0.90
GGOEGAAC035013, Men's Bayside Graphic Tee,16.00,25.00,15.00,0.50,0.90
GGOEAHPB080210,Android 5-Panel Low Cap,7.00,11.00,16.00,0.50,0.90
GGOEGATC060315, Women's 1/4 Zip Performance Pullover Two-Tone Blue,5.00,8.00,16.00,0.50,0.90
GGOEYDHJ019399,24 oz  Sergeant Stripe Bottle,0.00,0.00,17.00,0.50,0.90
GGOEGALP034314, Women's Vintage Hero Tee Lavender,27.00,43.00,17.00,0.50,0.90
GGOEYAFB073115, Men's Fleece Hoodie Black,108.00,175.00,17.00,0.50,0.90
GGOEA0CH077599,Android Hard Cover Journal,63.00,102.00,17.00,0.50,0.90
GGOEGAEC033117, Men's Long Sleeve Raglan Ocean Blue,6.00,9.00,18.00,0.50,0.90
9182848, Toddler Hoodie Royal Blue,0.00,0.00,18.00,0.50,0.90
GGOEGAAJ032717, Men's Long & Lean Tee Grey,14.00,22.00,18.00,0.50,0.90
GGOEGXXX0845,BLM Sweatshirt,3.00,4.00,18.00,0.50,0.90
GGOEAAEJ028216,Android Women's Short Sleeve Badge Tee Dark Heather,3.00,4.00,19.00,0.50,0.90
GGOEGAAX0663,Android Toddler Short Sleeve T-shirt Pink,12.00,19.00,19.00,0.50,0.90
GGOEGAAX0584, Women's Yoga Pants,2.00,3.00,6.00,0.30,0.90
GGOEGALJ060114, Women's Short Sleeve Performance Tee Pewter,27.00,44.00,5.00,0.60,0.90
GGOEGAAJ080615, Men's Bike Short Sleeve Tee Charcoal,78.00,129.00,5.00,0.60,0.90
GGOEGADC059317, Men's Airflow 1/4 Zip Pullover Lapis,2.00,3.00,5.00,0.60,0.90
GGOEGAEJ030816, Women's Long Sleeve Blended Cardigan Charcoal,9.00,14.00,5.00,0.60,0.90
GGOEGAWH061348, Onesie Green,67.00,110.00,5.00,0.60,0.90
9181138, Rucksack,0.00,0.00,5.00,0.60,0.90
GGOEGAAJ032316, Men's Short Sleeve Hero Tee Charcoal,59.00,98.00,5.00,0.60,0.90
GGOEGAAJ032813, Men's Long & Lean Tee Charcoal,52.00,85.00,5.00,0.60,0.90
GGOEGHPL003214, Stretch Fit Hat M/L Navy,4.00,6.00,6.00,0.60,0.90
GGOEGAWQ062949, Baby Essentials Set,211.00,349.00,6.00,0.60,0.90
GGOEGAYL068156, Youth Sports Tee Navy,30.00,48.00,6.00,0.60,0.90
GGOEGAWN062749, Infant Zip Hood Pink,89.00,147.00,6.00,0.60,0.90
GGOEGADB056614,Men's Weatherblock Shell Jacket Black,27.00,44.00,7.00,0.60,0.90
GGOEGAEC029113, Women's Short Sleeve Hero Tee Sky Blue,15.00,24.00,7.00,0.60,0.90
GGOEGALJ034417, Women's Vintage Hero Tee Platinum,4.00,6.00,8.00,0.60,0.90
GGOEGOCD078199, Leather Journal-Brown,275.00,451.00,9.00,0.60,0.90
9182740, Men's Airflow 1/4 Zip Pullover Black,0.00,0.00,9.00,0.60,0.90
GGOEGGCX056299,Gift Card - $25.00,65.00,107.00,10.00,0.60,0.90
GGOEYAAQ031716, Men's Short Sleeve Hero Tee White,20.00,32.00,10.00,0.60,0.90
GGOEGAAC032115, Men's Short Sleeve Hero Tee Light Blue,16.00,26.00,10.00,0.60,0.90
GGOEGAAR010713, Men's 100% Cotton Short Sleeve Hero Tee Red,21.00,34.00,10.00,0.60,0.90
GGOEGADJ057116, Men's Performance 1/4 Zip Pullover Heather/Black,4.00,6.00,11.00,0.60,0.90
GGOEWFKA082999, Baby on Board Window Decal,251.00,415.00,11.00,0.60,0.90
9184733, Learning Thermostat 3rd Gen-USA - White,0.00,0.00,11.00,0.60,0.90
GGOEYAAJ032516, Men's Short Sleeve Hero Tee Charcoal,11.00,18.00,12.00,0.60,0.90
GGOEGBRJ037299, Alpine Style Backpack,165.00,272.00,12.00,0.60,0.90
GGOEGAAB010516, Men's 100% Cotton Short Sleeve Hero Tee Black,90.00,148.00,12.00,0.60,0.90
9182719, Men's Short Sleeve Hero Tee Charcoal,0.00,0.00,12.00,0.60,0.90
GGOEGAAX0680, Youth Baseball Raglan Heather/Black,17.00,28.00,13.00,0.60,0.90
GGOEYAWJ061453, Onesie Heather,26.00,43.00,14.00,0.60,0.90
GGOEAAAH083314,Android Men's Paradise Short Sleeve Tee Olive,18.00,30.00,14.00,0.60,0.90
GGOEGAAJ032714, Men's Long & Lean Tee Grey,49.00,81.00,14.00,0.60,0.90
GGOEGKWR060810, Bib Red,27.00,44.00,15.00,0.60,0.90
GGOEAAAC080916,Android Lifted Men's Short Sleeve Tee Blue,3.00,4.00,16.00,0.60,0.90
GGOEGAYH067956, Youth Girl Tee Green,11.00,18.00,16.00,0.60,0.90
GGOEAAAC080913,Android Lifted Men's Short Sleeve Tee Blue,7.00,11.00,16.00,0.60,0.90
9182553, Men's Vintage Henley,0.00,0.00,17.00,0.60,0.90
GGOEGAEB084517,BLM Sweatshirt,1.00,1.00,17.00,0.60,0.90
GGOEGAAJ032716, Men's Long & Lean Tee Grey,16.00,26.00,17.00,0.60,0.90
GGOEYAAB031817, Men's Short Sleeve Hero Tee Black,13.00,21.00,18.00,0.60,0.90
9182714, Men's Long Sleeve Raglan Ocean Blue,0.00,0.00,18.00,0.60,0.90
GGOEGAAX0687,Android Youth Short Sleeve T-shirt Aqua,24.00,39.00,18.00,0.60,0.90
GGOEGAEC033114, Men's Long Sleeve Raglan Ocean Blue,44.00,71.00,18.00,0.60,0.90
GGOEGAAX0622, Infant Short Sleeve Tee White,34.00,55.00,19.00,0.60,0.90
GGOEGAWR061848, Infant Short Sleeve Tee Red,11.00,18.00,19.00,0.60,0.90
GGOEGAAX0580, Women's 1/4 Zip Jacket Charcoal,4.00,7.00,18.00,-0.10,0.90
GGOEGAAX0106, Men's 100% Cotton Short Sleeve Hero Tee Navy,15.00,29.00,6.00,0.20,0.90
GGOEGAAX0357,Android Men's Vintage Tank,33.00,57.00,10.00,0.20,0.90
GGOEGAAX0104, Men's 100% Cotton Short Sleeve Hero Tee White,528.00,749.00,12.00,0.20,0.90
GGOEGAAX0363, Women's Long Sleeve Tee Lavender,80.00,128.00,13.00,0.20,0.90
GGOEGAAX0360, Women's Fleece Hoodie,58.00,78.00,15.00,0.20,0.90
GGOEGAAX0278, Women's Short Sleeve Hero Tee Black,95.00,121.00,16.00,0.20,0.90
GGOEGAAX0359,Android Men's  Zip Hoodie,12.00,17.00,16.00,0.20,0.90
GGOEGAAX0579, Women's Short Sleeve Performance Tee Charcoal,10.00,18.00,11.00,-0.20,0.90
GGOEGAAX0588, Women's Shell Jacket Blue/Black,3.00,5.00,7.00,0.00,1.30
GGOEGCVB072399, Executive Umbrella,242.00,458.00,5.00,0.60,1.30
GGOEGPJR018999,"7"" Dog Frisbee",168.00,324.00,5.00,0.60,1.30
GGOEWEBB082699, Mobile Phone Vent Mount,68.00,129.00,15.00,0.70,1.30
GGOEGCBB074399, Device Holder Sticky Pad,49.00,94.00,8.00,0.10,1.30
GGOEGAAX0281, Women's Short Sleeve Badge Tee Grey,7.00,8.00,8.00,0.40,1.30
GGOEGAAX0575, Women's Weatherblock Shell Jacket Black,1.00,1.00,13.00,0.40,1.30
GGOEAXXX0833,Android Men's Paradise Short Sleeve Tee Olive,0.00,0.00,14.00,0.40,1.30
GGOEGCNB021099,Seat Pack Organizer,160.00,304.00,11.00,-0.40,1.30
GGOEGHPB071610, Twill Cap,917.00,1755.00,5.00,0.80,1.30
GGOEGAAX0655, Toddler Short Sleeve T-shirt Grey,65.00,123.00,5.00,0.80,1.30
GGOEGATJ060516, Women's Quilted Insulated Vest White,3.00,5.00,5.00,0.80,1.30
GGOEAAYJ068856,Android Youth Short Sleeve T-shirt Pewter,3.00,5.00,5.00,0.80,1.30
9182816, Infant Zip Hood Royal Blue,0.00,0.00,6.00,0.80,1.30
GGOEGATH060714, Women's Convertible Vest-Jacket Sea Foam Green,10.00,19.00,6.00,0.80,1.30
GGOEGAAC032113, Men's Short Sleeve Hero Tee Light Blue,9.00,17.00,6.00,0.80,1.30
9180762, Tote Bag,0.00,0.00,6.00,0.80,1.30
GGOEAAEH035213,Android Men's Vintage Henley,10.00,19.00,6.00,0.80,1.30
GGOEGAEJ035313, Vintage Henley Grey/Black,16.00,30.00,6.00,0.80,1.30
GGOEGAFB035815, Men's  Zip Hoodie,52.00,98.00,6.00,0.80,1.30
GGOEAAYJ068826,Android Youth Short Sleeve T-shirt Pewter,3.00,5.00,7.00,0.80,1.30
9183222, Leather Perforated Journal,0.00,0.00,7.00,0.80,1.30
9180769, Laptop Backpack,0.00,0.00,7.00,0.80,1.30
9183196, 4400mAh Power Bank,0.00,0.00,7.00,0.80,1.30
GGOEGAAR010717, Men's 100% Cotton Short Sleeve Hero Tee Red,15.00,29.00,8.00,0.80,1.30
GGOEAHPB076115,Android Stretch Fit Hat,18.00,34.00,8.00,0.80,1.30
GGOEAAEJ033416,Android Men's Long Sleeve Badge Crew Tee Heather,15.00,28.00,9.00,0.80,1.30
GGOEGBMB073799, Zipper-front Sports Bag,162.00,307.00,9.00,0.80,1.30
GGOEAOCH077899,Android Spiral Journal with Pen,665.00,1280.00,9.00,0.80,1.30
GGOEGAYH068456, Youth Short Sleeve T-shirt Green,17.00,32.00,9.00,0.80,1.30
9183212,Android RFID Journal,0.00,0.00,9.00,0.80,1.30
9183219, Leather Journal,0.00,0.00,9.00,0.80,1.30
GGOEGAEC033115, Men's Long Sleeve Raglan Ocean Blue,66.00,125.00,10.00,0.80,1.30
GGOEAAAP081215,Android Men's Take Charge Short Sleeve Tee Purple,23.00,44.00,10.00,0.80,1.30
GGOEGAFB035816, Men's  Zip Hoodie,22.00,41.00,10.00,0.80,1.30
GGOEYAEA035113, Men's Vintage Henley,45.00,87.00,10.00,0.80,1.30
GGOEGAAX0671, Toddler Short Sleeve Tee White,21.00,40.00,10.00,0.80,1.30
GGOEGAAX0659, Toddler Raglan Shirt Blue Heather/Navy,12.00,22.00,10.00,0.80,1.30
GGOEGAYH068425, Youth Short Sleeve T-shirt Green,4.00,7.00,11.00,0.80,1.30
GGOEGAEB027813, Women's Short Sleeve Hero Tee Black,130.00,252.00,11.00,0.80,1.30
GGOEGATB060417, Women's Quilted Insulated Vest Black,1.00,1.00,12.00,0.80,1.30
9184707, Women's Typography Short Sleeve Tee,0.00,0.00,12.00,0.80,1.30
GGOEAAEJ033414,Android Men's Long Sleeve Badge Crew Tee Heather,49.00,95.00,13.00,0.80,1.30
GGOEGDHC074099, 17oz Stainless Steel Sport Bottle,716.00,1390.00,13.00,0.80,1.30
GGOEAAAJ032914,Android Men's Long & Lean Badge Tee Charcoal,68.00,129.00,13.00,0.80,1.30
GGOEGOCD078399, Leather Perforated Journal,687.00,1305.00,13.00,0.80,1.30
GGOEGAAX0611, Onesie Red,3.00,5.00,13.00,0.80,1.30
GGOEYAEJ029617, Women's Short Sleeve Tri-blend Badge Tee Grey,2.00,3.00,13.00,0.80,1.30
GGOEGAWQ062250, Infant Short Sleeve Tee White,16.00,30.00,13.00,0.80,1.30
GGOEGAXL065929, Toddler Raglan Shirt Blue Heather/Navy,5.00,9.00,14.00,0.80,1.30
GGOEGAYQ068925, Youth Girl Hoodie,4.00,7.00,14.00,0.80,1.30
GGOEAAEB028313,Android Women's Short Sleeve Hero Tee Black,3.00,5.00,14.00,0.80,1.30
GGOEGAAR010714, Men's 100% Cotton Short Sleeve Hero Tee Red,48.00,92.00,14.00,0.80,1.30
GGOEGAAQ033917, Men's Vintage Badge Tee White,40.00,76.00,14.00,0.80,1.30
GGOEYAFB073114, Men's Fleece Hoodie Black,74.00,143.00,14.00,0.80,1.30
9183188," High Capacity 10,400mAh Charger",0.00,0.00,14.00,0.80,1.30
9182599, Women's Long Sleeve Tee Lavender,0.00,0.00,15.00,0.80,1.30
9182717, Men's Short Sleeve Hero Tee Light Blue,0.00,0.00,15.00,0.80,1.30
GGOEGADC059515, Men's Microfiber 1/4 Zip Pullover Blue/Indigo,2.00,3.00,15.00,0.80,1.30
GGOENEBQ081799, Protect Smoke + CO White Wired Alarm - CA,26.00,49.00,15.00,0.80,1.30
GGOEGADB059214, Men's Airflow 1/4 Zip Pullover Black,22.00,41.00,15.00,0.80,1.30
GGOEGAPB058216, Women's Lightweight Microfleece Jacket,2.00,3.00,15.00,0.80,1.30
GGOEGAWC061948, Infant Short Sleeve Tee Royal Blue,5.00,9.00,16.00,0.80,1.30
GGOEGAEJ028015, Women's Short Sleeve Hero Tee Grey,72.00,138.00,16.00,0.80,1.30
GGOEGALJ057915, Women's Short Sleeve Performance Tee Charcoal,6.00,11.00,16.00,0.80,1.30
GGOEGAER029716, Women's Short Sleeve Hero Tee Red Heather,7.00,13.00,17.00,0.80,1.30
GGOEAAAJ031915,Android Men's Short Sleeve Hero Tee Heather,101.00,193.00,18.00,0.80,1.30
GGOEGAWC061950, Infant Short Sleeve Tee Royal Blue,4.00,7.00,18.00,0.80,1.30
GGOEGAEJ028116, Women's Short Sleeve Badge Tee Grey,11.00,21.00,18.00,0.80,1.30
GGOEGAAX0618, Infant Short Sleeve Tee Red,8.00,15.00,18.00,0.80,1.30
9183229, Cam Outdoor Security Camera - USA,0.00,0.00,18.00,0.80,1.30
9183239,25L Classic Rucksack,0.00,0.00,19.00,0.80,1.30
GGOENEBB081499, Cam Indoor Security Camera - CA,38.00,72.00,19.00,0.80,1.30
GGOEGAAX0761,Android Stretch Fit Hat Black,27.00,52.00,19.00,0.80,1.30
GGOEGALJ072916, Women's Performance Hero Tee Gunmetal,3.00,5.00,19.00,0.80,1.30
GGOEGDHC018299, 22 oz Water Bottle,10075.00,19678.00,4.00,0.90,1.30
GGOEYAWJ061450, Onesie Heather,19.00,37.00,6.00,0.90,1.30
9182741, Men's Airflow 1/4 Zip Pullover Lapis,0.00,0.00,8.00,0.90,1.30
9182745, Men's Quilted Insulated Vest Black,0.00,0.00,9.00,0.90,1.30
GGOEGAFB035813, Men's  Zip Hoodie,21.00,41.00,12.00,0.90,1.30
GGOEAAEJ030913,Android Women's Long Sleeve Blended Cardigan Grey,30.00,58.00,12.00,0.90,1.30
GGOEAAAB034816,Android BTTF Cosmos Graphic Tee,3.00,5.00,13.00,0.90,1.30
GGOEGAAC035016, Men's Bayside Graphic Tee,2.00,3.00,14.00,0.90,1.30
GGOEGOCL077699, Hard Cover Journal,1113.00,2171.00,14.00,0.90,1.30
GGOEGAAX0682, Youth Short Sleeve Tee Red,16.00,31.00,14.00,0.90,1.30
GGOEAAAQ032013,Android Men's Short Sleeve Hero Tee White,49.00,95.00,15.00,0.90,1.30
GGOEGAYT068526, Youth Short Sleeve T-shirt Yellow,26.00,51.00,15.00,0.90,1.30
GGOEGAEA030416, Womens 3/4 Sleeve Baseball Raglan Heather/Black,13.00,25.00,15.00,0.90,1.30
GGOEGAAJ059113, Men's Short Sleeve Performance Badge Tee Pewter,13.00,25.00,16.00,0.90,1.30
9183241,25L Classic Rucksack,0.00,0.00,16.00,0.90,1.30
9182806, Onesie Green,0.00,0.00,17.00,0.90,1.30
GGOEYAEJ029013, Women's Short Sleeve Hero Tee Charcoal,11.00,21.00,17.00,0.90,1.30
GGOEGAAX0607, Women's Convertible Vest-Jacket Sea Foam Green,22.00,25.00,8.00,-0.50,1.80
GGOEGAAX0606, Women's Convertible Vest-Jacket Black,37.00,48.00,10.00,-0.30,1.80
GGOEGAAX0283,Android Women's Short Sleeve Hero Tee Black,7.00,11.00,7.00,0.70,1.80
GGOEGXXX0806, Men's Bike Short Sleeve Tee Charcoal,10.00,12.00,7.00,0.70,1.80
GGOEGAAX0107, Men's 100% Cotton Short Sleeve Hero Tee Red,40.00,72.00,8.00,0.70,1.80
GGOEGAAX0601, Women's Short Sleeve Performance Tee Pewter,1.00,1.00,9.00,0.70,1.80
GGOEWXXX0835, Men's Typography Short Sleeve Tee,1.00,1.00,11.00,0.70,1.80
GGOEGAAX0567, Men's Softshell Jacket Black/Grey,1.00,1.00,12.00,0.70,1.80
GGOEGAAX0356, Men's Vintage Tank,63.00,119.00,15.00,0.70,1.80
GGOEGAAX0732, Women's Fleece Hoodie Black,4.00,5.00,17.00,0.70,1.80
GGOEGAAX0334,Android Men's Long Sleeve Badge Crew Tee Heather,44.00,87.00,13.00,-0.10,1.80
